update_time,Asia_confirmed_cases,Asia_deaths,Asia_recovered,Europe_confirmed_cases,Europe_deaths,Europe_recovered,Americas_confirmed_cases,Americas_deaths,Americas_recovered,Oceania_confirmed_cases,Oceania_deaths,Oceania_recovered,Africa_confirmed_cases,Africa_deaths,Africa_recovered
2020-01-22 09:00:00,270.0,6.0,0.0,,,,,,,,,,,,
2020-01-22 09:30:00,,,,,,,,,,,,,,,
2020-01-22 10:00:00,,,,,,,,,,,,,,,
2020-01-22 10:30:00,,,,,,,,,,,,,,,
2020-01-22 11:00:00,,,,,,,,,,,,,,,
2020-01-22 11:30:00,,,,,,,,,,,,,,,
2020-01-22 12:00:00,,,,,,,,,,,,,,,
2020-01-22 12:30:00,,,,,,,,,,,,,,,
2020-01-22 13:00:00,,,,,,,,,,,,,,,
2020-01-22 13:30:00,,,,,,,,,,,,,,,
2020-01-22 14:00:00,,,,,,,,,,,,,,,
2020-01-22 14:30:00,,,,,,,,,,,,,,,
2020-01-22 15:00:00,,,,,,,,,,,,,,,
2020-01-22 15:30:00,,,,,,,,,,,,,,,
2020-01-22 16:00:00,,,,,,,,,,,,,,,
2020-01-22 16:30:00,,,,,,,,,,,,,,,
2020-01-22 17:00:00,395.5,13.0,14.0,,,,1.0,0.0,0.0,,,,,,
2020-01-22 17:30:00,,,,,,,,,,,,,,,
2020-01-22 18:00:00,,,,,,,,,,,,,,,
2020-01-22 18:30:00,,,,,,,,,,,,,,,
2020-01-22 19:00:00,,,,,,,,,,,,,,,
2020-01-22 19:30:00,,,,,,,,,,,,,,,
2020-01-22 20:00:00,,,,,,,,,,,,,,,
2020-01-22 20:30:00,,,,,,,,,,,,,,,
2020-01-22 21:00:00,,,,,,,,,,,,,,,
2020-01-22 21:30:00,,,,,,,,,,,,,,,
2020-01-22 22:00:00,,,,,,,,,,,,,,,
2020-01-22 22:30:00,375.0,9.0,0.0,,,,,,,,,,,,
2020-01-22 23:00:00,,,,,,,,,,,,,,,
2020-01-22 23:30:00,,,,,,,,,,,,,,,
2020-01-23 00:00:00,,,,,,,,,,,,,,,
2020-01-23 00:30:00,,,,,,,,,,,,,,,
2020-01-23 01:00:00,,,,,,,,,,,,,,,
2020-01-23 01:30:00,,,,,,,,,,,,,,,
2020-01-23 02:00:00,,,,,,,,,,,,,,,
2020-01-23 02:30:00,,,,,,,,,,,,,,,
2020-01-23 03:00:00,,,,,,,,,,,,,,,
2020-01-23 03:30:00,,,,,,,,,,,,,,,
2020-01-23 04:00:00,,,,,,,,,,,,,,,
2020-01-23 04:30:00,444.0,17.0,0.0,,,,,,,,,,,,
2020-01-23 05:00:00,,,,,,,,,,,,,,,
2020-01-23 05:30:00,,,,,,,,,,,,,,,
2020-01-23 06:00:00,,,,,,,,,,,,,,,
2020-01-23 06:30:00,,,,,,,,,,,,,,,
2020-01-23 07:00:00,,,,,,,,,,,,,,,
2020-01-23 07:30:00,,,,,,,,,,,,,,,
2020-01-23 08:00:00,,,,,,,,,,,,,,,
2020-01-23 08:30:00,,,,,,,,,,,,,,,
2020-01-23 09:00:00,,,,,,,,,,,,,,,
2020-01-23 09:30:00,,,,,,,,,,,,,,,
2020-01-23 10:00:00,,,,,,,,,,,,,,,
2020-01-23 10:30:00,,,,,,,,,,,,,,,
2020-01-23 11:00:00,,,,,,,,,,,,,,,
2020-01-23 11:30:00,,,,,,,,,,,,,,,
2020-01-23 12:00:00,,,,,,,,,,,,,,,
2020-01-23 12:30:00,,,,,,,,,,,,,,,
2020-01-23 13:00:00,,,,,,,,,,,,,,,
2020-01-23 13:30:00,,,,,,,,,,,,,,,
2020-01-23 14:00:00,,,,,,,,,,,,,,,
2020-01-23 14:30:00,,,,,,,,,,,,,,,
2020-01-23 15:00:00,,,,,,,,,,,,,,,
2020-01-23 15:30:00,,,,,,,,,,,,,,,
2020-01-23 16:00:00,,,,,,,,,,,,,,,
2020-01-23 16:30:00,,,,,,,,,,,,,,,
2020-01-23 17:00:00,116.0,1.0,2.0,,,,0.0,0.0,0.0,0.0,0.0,0.0,,,
2020-01-23 17:30:00,,,,,,,,,,,,,,,
2020-01-23 18:00:00,,,,,,,,,,,,,,,
2020-01-23 18:30:00,,,,,,,,,,,,,,,
2020-01-23 19:00:00,,,,,,,,,,,,,,,
2020-01-23 19:30:00,,,,,,,,,,,,,,,
2020-01-23 20:00:00,,,,,,,,,,,,,,,
2020-01-23 20:30:00,,,,,,,,,,,,,,,
2020-01-23 21:00:00,,,,,,,,,,,,,,,
2020-01-23 21:30:00,,,,,,,,,,,,,,,
2020-01-23 22:00:00,,,,,,,,,,,,,,,
2020-01-23 22:30:00,,,,,,,,,,,,,,,
2020-01-23 23:00:00,,,,,,,,,,,,,,,
2020-01-23 23:30:00,,,,,,,,,,,,,,,
2020-01-24 00:00:00,,,,,,,,,,,,,,,
2020-01-24 00:30:00,,,,,,,,,,,,,,,
2020-01-24 01:00:00,,,,,,,,,,,,,,,
2020-01-24 01:30:00,,,,,,,,,,,,,,,
2020-01-24 02:00:00,,,,,,,,,,,,,,,
2020-01-24 02:30:00,,,,,,,,,,,,,,,
2020-01-24 03:00:00,,,,,,,,,,,,,,,
2020-01-24 03:30:00,,,,,,,,,,,,,,,
2020-01-24 04:00:00,,,,,,,,,,,,,,,
2020-01-24 04:30:00,,,,,,,,,,,,,,,
2020-01-24 05:00:00,,,,,,,,,,,,,,,
2020-01-24 05:30:00,,,,,,,,,,,,,,,
2020-01-24 06:00:00,,,,,,,,,,,,,,,
2020-01-24 06:30:00,1.0,1.0,0.0,,,,,,,,,,,,
2020-01-24 07:00:00,,,,,,,,,,,,,,,
2020-01-24 07:30:00,,,,,,,,,,,,,,,
2020-01-24 08:00:00,,,,,,,,,,,,,,,
2020-01-24 08:30:00,,,,,,,,,,,,,,,
2020-01-24 09:00:00,,,,,,,,,,,,,,,
2020-01-24 09:30:00,444.0,0.0,0.0,,,,,,,,,,,,
2020-01-24 10:00:00,,,,,,,,,,,,,,,
2020-01-24 10:30:00,,,,,,,,,,,,,,,
2020-01-24 11:00:00,,,,,,,,,,,,,,,
2020-01-24 11:30:00,,,,,,,,,,,,,,,
2020-01-24 12:00:00,,,,,,,,,,,,,,,
2020-01-24 12:30:00,,,,,,,,,,,,,,,
2020-01-24 13:00:00,,,,,,,,,,,,,,,
2020-01-24 13:30:00,,,,,,,,,,,,,,,
2020-01-24 14:00:00,,,,,,,,,,,,,,,
2020-01-24 14:30:00,1036.0,41.0,0.0,3.0,0.0,0.0,2.0,0.0,0.0,,,,,,
2020-01-24 15:00:00,549.0,0.0,0.0,,,,,,,,,,,,
2020-01-24 15:30:00,,,,,,,,,,,,,,,
2020-01-24 16:00:00,,,,,,,,,,,,,,,
2020-01-24 16:30:00,,,,,,,,,,,,,,,
2020-01-24 17:00:00,787.0,26.0,36.0,2.0,0.0,0.0,,,,,,,,,
2020-01-24 17:30:00,,,,,,,,,,,,,,,
2020-01-24 18:00:00,549.0,24.0,0.0,,,,,,,,,,,,
2020-01-24 18:30:00,,,,,,,,,,,,,,,
2020-01-24 19:00:00,,,,,,,,,,,,,,,
2020-01-24 19:30:00,,,,,,,,,,,,,,,
2020-01-24 20:00:00,,,,,,,,,,,,,,,
2020-01-24 20:30:00,,,,,,,,,,,,,,,
2020-01-24 21:00:00,,,,,,,,,,,,,,,
2020-01-24 21:30:00,,,,,,,,,,,,,,,
2020-01-24 22:00:00,,,,,,,,,,,,,,,
2020-01-24 22:30:00,,,,,,,,,,,,,,,
2020-01-24 23:00:00,,,,,,,,,,,,,,,
2020-01-24 23:30:00,,,,,,,,,,,,,,,
2020-01-25 00:00:00,,,,,,,,,,,,,,,
2020-01-25 00:30:00,,,,,,,,,,,,,,,
2020-01-25 01:00:00,,,,,,,,,,,,,,,
2020-01-25 01:30:00,,,,,,,,,,,,,,,
2020-01-25 02:00:00,,,,,,,,,,,,,,,
2020-01-25 02:30:00,,,,,,,,,,,,,,,
2020-01-25 03:00:00,752.0,40.0,0.0,,,,,,,,,,,,
2020-01-25 03:30:00,,,,,,,,,,,,,,,
2020-01-25 04:00:00,,,,,,,,,,,,,,,
2020-01-25 04:30:00,41.0,0.0,0.0,,,,,,,,,,,,
2020-01-25 05:00:00,,,,,,,,,,,,,,,
2020-01-25 05:30:00,,,,,,,,,,,,,,,
2020-01-25 06:00:00,,,,,,,,,,,,,,,
2020-01-25 06:30:00,,,,,,,,,,,,,,,
2020-01-25 07:00:00,,,,,,,,,,,,,,,
2020-01-25 07:30:00,,,,,,,,,,,,,,,
2020-01-25 08:00:00,,,,,,,,,,,,,,,
2020-01-25 08:30:00,,,,,,,,,,,,,,,
2020-01-25 09:00:00,,,,,,,,,,,,,,,
2020-01-25 09:30:00,,,,,,,,,,,,,,,
2020-01-25 10:00:00,,,,,,,,,,,,,,,
2020-01-25 10:30:00,,,,,,,,,,,,,,,
2020-01-25 11:00:00,,,,,,,,,,,,,,,
2020-01-25 11:30:00,,,,,,,,,,,,,,,
2020-01-25 12:00:00,,,,,,,,,,,,,,,
2020-01-25 12:30:00,,,,,,,,,,,,,,,
2020-01-25 13:00:00,,,,,,,,,,,,,,,
2020-01-25 13:30:00,,,,,,,,,,,,,,,
2020-01-25 14:00:00,,,,,,,,,,,,,,,
2020-01-25 14:30:00,,,,,,,,,,,,,,,
2020-01-25 15:00:00,,,,,,,,,,,,,,,
2020-01-25 15:30:00,,,,,,,,,,,,,,,
2020-01-25 16:00:00,,,,,,,,,,,,,,,
2020-01-25 16:30:00,,,,,,,,,,,,,,,
2020-01-25 17:00:00,1375.5,48.0,19.5,3.0,0.0,0.0,,,,4.0,0.0,0.0,,,
2020-01-25 17:30:00,,,,,,,,,,,,,,,
2020-01-25 18:00:00,,,,,,,,,,,,,,,
2020-01-25 18:30:00,,,,,,,,,,,,,,,
2020-01-25 19:00:00,,,,,,,,,,,,,,,
2020-01-25 19:30:00,,,,,,,,,,,,,,,
2020-01-25 20:00:00,,,,,,,,,,,,,,,
2020-01-25 20:30:00,,,,,,,,,,,,,,,
2020-01-25 21:00:00,,,,,,,,,,,,,,,
2020-01-25 21:30:00,,,,,,,,,,,,,,,
2020-01-25 22:00:00,,,,,,,,,,,,,,,
2020-01-25 22:30:00,,,,,,,,,,,,,,,
2020-01-25 23:00:00,,,,,,,,,,,,,,,
2020-01-25 23:30:00,,,,,,,,,,,,,,,
2020-01-26 00:00:00,,,,,,,,,,,,,,,
2020-01-26 00:30:00,,,,,,,,,,,,,,,
2020-01-26 01:00:00,,,,,,,,,,,,,,,
2020-01-26 01:30:00,,,,,,,,,,,,,,,
2020-01-26 02:00:00,730.0,39.0,0.0,,,,,,,,,,,,
2020-01-26 02:30:00,,,,,,,,,,,,,,,
2020-01-26 03:00:00,,,,,,,,,,,,,,,
2020-01-26 03:30:00,,,,,,,,,,,,,,,
2020-01-26 04:00:00,,,,,,,,,,,,,,,
2020-01-26 04:30:00,,,,,,,,,,,,,,,
2020-01-26 05:00:00,,,,,,,,,,,,,,,
2020-01-26 05:30:00,,,,,,,,,,,,,,,
2020-01-26 06:00:00,,,,,,,,,,,,,,,
2020-01-26 06:30:00,761.0,40.0,0.0,,,,,,,,,,,,
2020-01-26 07:00:00,,,,,,,,,,,,,,,
2020-01-26 07:30:00,,,,,,,,,,,,,,,
2020-01-26 08:00:00,,,,,,,,,,,,,,,
2020-01-26 08:30:00,,,,,,,,,,,,,,,
2020-01-26 09:00:00,,,,,,,,,,,,,,,
2020-01-26 09:30:00,,,,,,,,,,,,,,,
2020-01-26 10:00:00,,,,,,,,,,,,,,,
2020-01-26 10:30:00,,,,,,,,,,,,,,,
2020-01-26 11:00:00,,,,,,,,,,,,,,,
2020-01-26 11:30:00,,,,,,,,,,,,,,,
2020-01-26 12:00:00,,,,,,,,,,,,,,,
2020-01-26 12:30:00,,,,,,,,,,,,,,,
2020-01-26 13:00:00,857.0,4.0,0.0,,,,4.0,0.0,0.0,,,,,,
2020-01-26 13:30:00,,,,,,,,,,,,,,,
2020-01-26 14:00:00,1053.0,52.0,0.0,,,,,,,,,,,,
2020-01-26 14:30:00,,,,,,,,,,,,,,,
2020-01-26 15:00:00,,,,,,,,,,,,,,,
2020-01-26 15:30:00,98.0,0.0,0.0,,,,,,,,,,,,
2020-01-26 16:00:00,984.0,28.5,25.5,,,,3.5,0.0,0.0,,,,,,
2020-01-26 16:30:00,,,,,,,,,,,,,,,
2020-01-26 17:00:00,,,,,,,,,,,,,,,
2020-01-26 17:30:00,,,,,,,,,,,,,,,
2020-01-26 18:00:00,,,,,,,,,,,,,,,
2020-01-26 18:30:00,,,,,,,,,,,,,,,
2020-01-26 19:00:00,,,,,,,,,,,,,,,
2020-01-26 19:30:00,,,,,,,,,,,,,,,
2020-01-26 20:00:00,,,,,,,,,,,,,,,
2020-01-26 20:30:00,,,,,,,,,,,,,,,
2020-01-26 21:00:00,,,,,,,,,,,,,,,
2020-01-26 21:30:00,,,,,,,,,,,,,,,
2020-01-26 22:00:00,,,,,,,,,,,,,,,
2020-01-26 22:30:00,,,,,,,,,,,,,,,
2020-01-26 23:00:00,,,,,,,,,,,,,,,
2020-01-26 23:30:00,,,,,,,,,,,,,,,
2020-01-27 00:00:00,,,,,,,,,,,,,,,
2020-01-27 00:30:00,,,,,,,,,,,,,,,
2020-01-27 01:00:00,,,,,,,,,,,,,,,
2020-01-27 01:30:00,,,,,,,,,,,,,,,
2020-01-27 02:00:00,,,,,,,,,,,,,,,
2020-01-27 02:30:00,,,,,,,,,,,,,,,
2020-01-27 03:00:00,233.0,1.0,0.0,,,,,,,,,,,,
2020-01-27 03:30:00,,,,,,,,,,,,,,,
2020-01-27 04:00:00,,,,,,,,,,,,,,,
2020-01-27 04:30:00,,,,,,,,,,,,,,,
2020-01-27 05:00:00,,,,,,,,,,,,,,,
2020-01-27 05:30:00,,,,,,,,,,,,,,,
2020-01-27 06:00:00,,,,,,,,,,,,,,,
2020-01-27 06:30:00,,,,,,,,,,,,,,,
2020-01-27 07:00:00,,,,,,,,,,,,,,,
2020-01-27 07:30:00,,,,,,,,,,,,,,,
2020-01-27 08:00:00,,,,,,,,,,,,,,,
2020-01-27 08:30:00,,,,,,,,,,,,,,,
2020-01-27 09:00:00,1058.0,52.0,0.0,,,,,,,,,,,,
2020-01-27 09:30:00,,,,,,,,,,,,,,,
2020-01-27 10:00:00,,,,,,,,,,,,,,,
2020-01-27 10:30:00,,,,,,,,,,,,,,,
2020-01-27 11:00:00,,,,,,,,,,,,,,,
2020-01-27 11:30:00,,,,,,,,,,,,,,,
2020-01-27 12:00:00,,,,,,,,,,,,,,,
2020-01-27 12:30:00,,,,,,,,,,,,,,,
2020-01-27 13:00:00,,,,,,,,,,,,,,,
2020-01-27 13:30:00,,,,,,,,,,,,,,,
2020-01-27 14:00:00,,,,,,,,,,,,,,,
2020-01-27 14:30:00,,,,,,,,,,,,,,,
2020-01-27 15:00:00,,,,,,,,,,,,,,,
2020-01-27 15:30:00,2447.0,82.0,0.0,,,,1.0,0.0,0.0,5.0,0.0,0.0,,,
2020-01-27 16:00:00,,,,,,,,,,,,,,,
2020-01-27 16:30:00,,,,,,,,,,,,,,,
2020-01-27 17:00:00,,,,,,,,,,,,,,,
2020-01-27 17:30:00,,,,,,,,,,,,,,,
2020-01-27 18:00:00,,,,,,,,,,,,,,,
2020-01-27 18:30:00,3107.0,102.0,0.0,1.0,0.0,0.0,,,,,,,,,
2020-01-27 19:00:00,,,,,,,,,,,,,,,
2020-01-27 19:30:00,,,,,,,,,,,,,,,
2020-01-27 20:00:00,719.0,1.0,0.0,,,,,,,,,,,,
2020-01-27 20:30:00,,,,,,,,,,,,,,,
2020-01-27 21:00:00,,,,,,,,,,,,,,,
2020-01-27 21:30:00,,,,,,,,,,,,,,,
2020-01-27 22:00:00,,,,,,,,,,,,,,,
2020-01-27 22:30:00,,,,,,,,,,,,,,,
2020-01-27 23:00:00,,,,,,,,,,,,,,,
2020-01-27 23:30:00,2506.0,82.0,58.0,,,,,,,1.0,0.0,0.0,,,
2020-01-28 00:00:00,,,,,,,,,,,,,,,
2020-01-28 00:30:00,,,,,,,,,,,,,,,
2020-01-28 01:00:00,,,,,,,,,,,,,,,
2020-01-28 01:30:00,,,,,,,,,,,,,,,
2020-01-28 02:00:00,246.0,0.0,0.0,,,,,,,,,,,,
2020-01-28 02:30:00,,,,,,,,,,,,,,,
2020-01-28 03:00:00,,,,,,,,,,,,,,,
2020-01-28 03:30:00,,,,,,,,,,,,,,,
2020-01-28 04:00:00,,,,,,,,,,,,,,,
2020-01-28 04:30:00,,,,,,,,,,,,,,,
2020-01-28 05:00:00,,,,,,,,,,,,,,,
2020-01-28 05:30:00,,,,,,,,,,,,,,,
2020-01-28 06:00:00,,,,,,,,,,,,,,,
2020-01-28 06:30:00,507.0,1.0,0.0,,,,,,,,,,,,
2020-01-28 07:00:00,,,,,,,,,,,,,,,
2020-01-28 07:30:00,,,,,,,,,,,,,,,
2020-01-28 08:00:00,,,,,,,,,,,,,,,
2020-01-28 08:30:00,,,,,,,,,,,,,,,
2020-01-28 09:00:00,,,,,,,,,,,,,,,
2020-01-28 09:30:00,,,,,,,,,,,,,,,
2020-01-28 10:00:00,,,,,,,,,,,,,,,
2020-01-28 10:30:00,,,,,,,,,,,,,,,
2020-01-28 11:00:00,,,,,,,,,,,,,,,
2020-01-28 11:30:00,,,,,,,,,,,,,,,
2020-01-28 12:00:00,,,,,,,,,,,,,,,
2020-01-28 12:30:00,,,,,,,,,,,,,,,
2020-01-28 13:00:00,,,,,,,,,,,,,,,
2020-01-28 13:30:00,,,,,,,,,,,,,,,
2020-01-28 14:00:00,,,,,,,,,,,,,,,
2020-01-28 14:30:00,87.0,1.0,0.0,,,,,,,,,,,,
2020-01-28 15:00:00,,,,,,,,,,,,,,,
2020-01-28 15:30:00,,,,,,,,,,,,,,,
2020-01-28 16:00:00,,,,,,,,,,,,,,,
2020-01-28 16:30:00,,,,,,,,,,,,,,,
2020-01-28 17:00:00,,,,,,,,,,,,,,,
2020-01-28 17:30:00,,,,,,,,,,,,,,,
2020-01-28 18:00:00,,,,,,,,,,,,,,,
2020-01-28 18:30:00,,,,,,,,,,,,,,,
2020-01-28 19:00:00,,,,,,,,,,,,,,,
2020-01-28 19:30:00,,,,,,,,,,,,,,,
2020-01-28 20:00:00,,,,,,,,,,,,,,,
2020-01-28 20:30:00,,,,,,,,,,,,,,,
2020-01-28 21:00:00,,,,,,,,,,,,,,,
2020-01-28 21:30:00,,,,,,,,,,,,,,,
2020-01-28 22:00:00,,,,,,,,,,,,,,,
2020-01-28 22:30:00,,,,,,,,,,,,,,,
2020-01-28 23:00:00,5230.0,129.0,107.0,4.0,0.0,0.0,,,,,,,,,
2020-01-28 23:30:00,,,,,,,,,,,,,,,
2020-01-29 00:00:00,,,,,,,,,,,,,,,
2020-01-29 00:30:00,,,,,,,,,,,,,,,
2020-01-29 01:00:00,,,,,,,,,,,,,,,
2020-01-29 01:30:00,,,,,,,,,,,,,,,
2020-01-29 02:00:00,,,,,,,,,,,,,,,
2020-01-29 02:30:00,,,,,,,,,,,,,,,
2020-01-29 03:00:00,,,,,,,,,,,,,,,
2020-01-29 03:30:00,,,,,,,,,,,,,,,
2020-01-29 04:00:00,,,,,,,,,,,,,,,
2020-01-29 04:30:00,,,,,,,,,,,,,,,
2020-01-29 05:00:00,,,,,,,,,,,,,,,
2020-01-29 05:30:00,,,,,,,,,,,,,,,
2020-01-29 06:00:00,,,,,,,,,,,,,,,
2020-01-29 06:30:00,,,,,,,,,,,,,,,
2020-01-29 07:00:00,,,,,,,,,,,,,,,
2020-01-29 07:30:00,,,,,,,,,,,,,,,
2020-01-29 08:00:00,,,,,,,,,,,,,,,
2020-01-29 08:30:00,,,,,,,,,,,,,,,
2020-01-29 09:00:00,,,,,,,,,,,,,,,
2020-01-29 09:30:00,,,,,,,,,,,,,,,
2020-01-29 10:00:00,,,,,,,,,,,,,,,
2020-01-29 10:30:00,,,,,,,,,,,,,,,
2020-01-29 11:00:00,,,,,,,,,,,,,,,
2020-01-29 11:30:00,,,,,,,,,,,,,,,
2020-01-29 12:00:00,,,,,,,,,,,,,,,
2020-01-29 12:30:00,,,,,,,,,,,,,,,
2020-01-29 13:00:00,,,,,,,,,,,,,,,
2020-01-29 13:30:00,,,,,,,,,,,,,,,
2020-01-29 14:00:00,,,,,,,,,,,,,,,
2020-01-29 14:30:00,,,,,,,,,,,,,,,
2020-01-29 15:00:00,1354.3333333333333,41.666666666666664,0.0,,,,,,,,,,,,
2020-01-29 15:30:00,82.0,0.0,0.0,,,,,,,,,,,,
2020-01-29 16:00:00,,,,,,,,,,,,,,,
2020-01-29 16:30:00,,,,,,,,,,,,,,,
2020-01-29 17:00:00,,,,,,,,,,,,,,,
2020-01-29 17:30:00,6941.0,169.0,0.0,9.0,0.0,0.0,3.0,0.0,0.0,7.0,0.0,0.0,,,
2020-01-29 18:00:00,,,,,,,,,,,,,,,
2020-01-29 18:30:00,155.0,0.0,0.0,,,,,,,,,,,,
2020-01-29 19:00:00,102.0,1.0,0.0,,,,,,,,,,,,
2020-01-29 19:30:00,5866.0,133.0,117.0,6.0,0.0,0.0,,,,,,,,,
2020-01-29 20:00:00,,,,,,,,,,,,,,,
2020-01-29 20:30:00,38.0,1.0,0.0,,,,,,,,,,,,
2020-01-29 21:00:00,,,,,,,,,,,,,,,
2020-01-29 21:30:00,,,,,,,,,,,,,,,
2020-01-29 22:00:00,,,,,,,,,,,,,,,
2020-01-29 22:30:00,,,,,,,,,,,,,,,
2020-01-29 23:00:00,,,,,,,,,,,,,,,
2020-01-29 23:30:00,,,,,,,,,,,,,,,
2020-01-30 00:00:00,485.0,0.0,0.0,,,,,,,,,,,,
2020-01-30 00:30:00,,,,,,,,,,,,,,,
2020-01-30 01:00:00,,,,,,,,,,,,,,,
2020-01-30 01:30:00,,,,,,,,,,,,,,,
2020-01-30 02:00:00,,,,,,,,,,,,,,,
2020-01-30 02:30:00,,,,,,,,,,,,,,,
2020-01-30 03:00:00,,,,,,,,,,,,,,,
2020-01-30 03:30:00,,,,,,,,,,,,,,,
2020-01-30 04:00:00,,,,,,,,,,,,,,,
2020-01-30 04:30:00,,,,,,,,,,8.0,0.0,0.0,,,
2020-01-30 05:00:00,108.0,1.0,0.0,,,,,,,,,,,,
2020-01-30 05:30:00,,,,,,,,,,,,,,,
2020-01-30 06:00:00,,,,,,,,,,,,,,,
2020-01-30 06:30:00,,,,,,,,,,,,,,,
2020-01-30 07:00:00,,,,,,,,,,,,,,,
2020-01-30 07:30:00,,,,,,,,,,,,,,,
2020-01-30 08:00:00,,,,,,,,,,,,,,,
2020-01-30 08:30:00,,,,,,,,,,,,,,,
2020-01-30 09:00:00,,,,,,,,,,,,,,,
2020-01-30 09:30:00,,,,,,,,,,,,,,,
2020-01-30 10:00:00,,,,,,,,,,,,,,,
2020-01-30 10:30:00,,,,,,,,,,,,,,,
2020-01-30 11:00:00,,,,,,,,,,,,,,,
2020-01-30 11:30:00,,,,,,,,,,,,,,,
2020-01-30 12:00:00,,,,,,,,,,,,,,,
2020-01-30 12:30:00,2649.0,7.0,0.0,,,,6.0,0.0,0.0,9.0,0.0,0.0,,,
2020-01-30 13:00:00,,,,,,,,,,,,,,,
2020-01-30 13:30:00,,,,,,,,,,,,,,,
2020-01-30 14:00:00,101.0,1.0,0.0,,,,,,,,,,,,
2020-01-30 14:30:00,278.0,1.0,0.0,,,,,,,,,,,,
2020-01-30 15:00:00,,,,,,,,,,,,,,,
2020-01-30 15:30:00,,,,,,,,,,,,,,,
2020-01-30 16:00:00,7902.0,171.0,134.0,,,,,,,9.0,0.0,2.0,,,
2020-01-30 16:30:00,,,,,,,,,,,,,,,
2020-01-30 17:00:00,,,,,,,,,,,,,,,
2020-01-30 17:30:00,,,,,,,,,,,,,,,
2020-01-30 18:00:00,,,,,,,,,,,,,,,
2020-01-30 18:30:00,,,,,,,,,,,,,,,
2020-01-30 19:00:00,,,,,,,,,,,,,,,
2020-01-30 19:30:00,,,,,,,,,,,,,,,
2020-01-30 20:00:00,,,,,,,,,,,,,,,
2020-01-30 20:30:00,,,,,,,,,,,,,,,
2020-01-30 21:00:00,,,,,,,,,,,,,,,
2020-01-30 21:30:00,,,,,,,,,,,,,,,
2020-01-30 22:00:00,,,,,,,,,,,,,,,
2020-01-30 22:30:00,,,,,,,,,,,,,,,
2020-01-30 23:00:00,,,,,,,,,,,,,,,
2020-01-30 23:30:00,,,,,,,,,,,,,,,
2020-01-31 00:00:00,,,,,,,,,,,,,,,
2020-01-31 00:30:00,,,,,,,,,,,,,,,
2020-01-31 01:00:00,,,,,,,,,,,,,,,
2020-01-31 01:30:00,,,,,,,,,,,,,,,
2020-01-31 02:00:00,,,,,,,,,,,,,,,
2020-01-31 02:30:00,,,,,,,,,,,,,,,
2020-01-31 03:00:00,,,,,,,,,,,,,,,
2020-01-31 03:30:00,,,,,,,,,,,,,,,
2020-01-31 04:00:00,4903.0,162.0,0.0,,,,,,,,,,,,
2020-01-31 04:30:00,,,,,,,,,,,,,,,
2020-01-31 05:00:00,44.0,2.0,0.0,,,,,,,,,,,,
2020-01-31 05:30:00,,,,,,,,,,,,,,,
2020-01-31 06:00:00,76.0,0.0,0.0,,,,,,,,,,,,
2020-01-31 06:30:00,,,,,,,,,,,,,,,
2020-01-31 07:00:00,2963.5,102.5,0.0,,,,,,,,,,,,
2020-01-31 07:30:00,,,,,,,,,,,,,,,
2020-01-31 08:00:00,,,,,,,,,,,,,,,
2020-01-31 08:30:00,,,,,,,,,,,,,,,
2020-01-31 09:00:00,,,,,,,,,,,,,,,
2020-01-31 09:30:00,,,,,,,,,,,,,,,
2020-01-31 10:00:00,,,,,,,,,,,,,,,
2020-01-31 10:30:00,19.0,0.0,5.0,,,,,,,,,,,,
2020-01-31 11:00:00,,,,,,,,,,,,,,,
2020-01-31 11:30:00,,,,,,,,,,,,,,,
2020-01-31 12:00:00,,,,,,,,,,,,,,,
2020-01-31 12:30:00,,,,,,,,,,,,,,,
2020-01-31 13:00:00,,,,,,,,,,,,,,,
2020-01-31 13:30:00,,,,,,,,,,,,,,,
2020-01-31 14:00:00,45.0,0.0,0.0,,,,,,,,,,,,
2020-01-31 14:30:00,,,,,,,,,,,,,,,
2020-01-31 15:00:00,29.0,0.0,2.0,,,,,,,,,,,,
2020-01-31 15:30:00,310.5,0.5,0.0,,,,,,,,,,,,
2020-01-31 16:00:00,,,,,,,,,,,,,,,
2020-01-31 16:30:00,10695.0,258.0,0.0,15.0,0.0,0.0,7.0,0.0,0.0,,,,,,
2020-01-31 17:00:00,,,,,,,,,,,,,,,
2020-01-31 17:30:00,,,,,,,,,,,,,,,
2020-01-31 18:00:00,132.0,1.0,0.0,,,,,,,,,,,,
2020-01-31 18:30:00,,,,,,,,,,,,,,,
2020-01-31 19:00:00,51.0,1.0,0.0,,,,,,,,,,,,
2020-01-31 19:30:00,,,,,,,,,,,,,,,
2020-01-31 20:00:00,,,,,,,,,,,,,,,
2020-01-31 20:30:00,,,,,,,,,,,,,,,
2020-01-31 21:00:00,,,,,,,,,,,,,,,
2020-01-31 21:30:00,3595.0,8.0,0.0,,,,,,,10.0,0.0,0.0,,,
2020-01-31 22:00:00,,,,,,,,,,,,,,,
2020-01-31 22:30:00,,,,,,,,,,,,,,,
2020-01-31 23:00:00,52.0,1.0,0.0,,,,,,,,,,,,
2020-01-31 23:30:00,5077.5,106.5,105.0,,,,,,,,,,,,
2020-02-01 00:00:00,,,,,,,,,,,,,,,
2020-02-01 00:30:00,,,,,,,,,,,,,,,
2020-02-01 01:00:00,,,,,,,,,,,,,,,
2020-02-01 01:30:00,868.5,3.5,9.0,6.0,0.0,0.0,,,,,,,,,
2020-02-01 02:00:00,,,,,,,,,,,,,,,
2020-02-01 02:30:00,,,,,,,,,,,,,,,
2020-02-01 03:00:00,,,,,,,,,,,,,,,
2020-02-01 03:30:00,,,,,,,,,,,,,,,
2020-02-01 04:00:00,,,,,,,,,,,,,,,
2020-02-01 04:30:00,,,,,,,,,,,,,,,
2020-02-01 05:00:00,,,,,,,,,,,,,,,
2020-02-01 05:30:00,167.0,0.0,1.0,,,,,,,,,,,,
2020-02-01 06:00:00,169.0,1.0,10.0,,,,,,,,,,,,
2020-02-01 06:30:00,,,,,,,,,,,,,,,
2020-02-01 07:00:00,,,,,,,,,,,,,,,
2020-02-01 07:30:00,106.0,0.0,2.0,,,,,,,,,,,,
2020-02-01 08:00:00,,,,,,,,,,,,,,,
2020-02-01 08:30:00,309.0,2.0,4.0,,,,,,,,,,,,
2020-02-01 09:00:00,168.0,1.0,9.0,,,,,,,,,,,,
2020-02-01 09:30:00,,,,,,,,,,,,,,,
2020-02-01 10:00:00,,,,,,,,,,,,,,,
2020-02-01 10:30:00,339.5,1.0,11.5,,,,,,,,,,,,
2020-02-01 11:00:00,389.0,0.0,8.0,,,,,,,,,,,,
2020-02-01 11:30:00,7153.0,249.0,168.0,,,,,,,,,,,,
2020-02-01 12:00:00,,,,,,,,,,,,,,,
2020-02-01 12:30:00,,,,,,,,,,,,,,,
2020-02-01 13:00:00,,,,,,,,,,,,,,,
2020-02-01 13:30:00,267.5,0.0,2.5,,,,,,,,,,,,
2020-02-01 14:00:00,368.5,0.0,10.0,,,,,,,,,,,,
2020-02-01 14:30:00,207.0,1.0,0.0,,,,,,,,,,,,
2020-02-01 15:00:00,64.0,0.0,1.0,,,,,,,,,,,,
2020-02-01 15:30:00,87.0,0.0,1.0,,,,,,,,,,,,
2020-02-01 16:00:00,57.0,2.0,0.0,,,,,,,,,,,,
2020-02-01 16:30:00,,,,,,,,,,,,,,,
2020-02-01 17:00:00,,,,,,,,,,,,,,,
2020-02-01 17:30:00,,,,,,,,,,,,,,,
2020-02-01 18:00:00,,,,,,,3.0,0.0,0.0,,,,,,
2020-02-01 18:30:00,,,,8.0,0.0,0.0,,,,,,,,,
2020-02-01 19:00:00,60.0,1.0,0.0,,,,,,,,,,,,
2020-02-01 19:30:00,,,,,,,,,,,,,,,
2020-02-01 20:00:00,,,,,,,,,,,,,,,
2020-02-01 20:30:00,10511.0,297.0,0.0,8.0,0.0,0.0,8.0,0.0,0.0,12.0,0.0,0.0,,,
2020-02-01 21:00:00,,,,,,,,,,,,,,,
2020-02-01 21:30:00,,,,,,,,,,,,,,,
2020-02-01 22:00:00,,,,,,,,,,,,,,,
2020-02-01 22:30:00,,,,,,,,,,,,,,,
2020-02-01 23:00:00,,,,,,,,,,,,,,,
2020-02-01 23:30:00,,,,,,,,,,,,,,,
2020-02-02 00:00:00,,,,,,,,,,,,,,,
2020-02-02 00:30:00,,,,,,,,,,,,,,,
2020-02-02 01:00:00,38.0,0.0,2.0,,,,,,,,,,,,
2020-02-02 01:30:00,,,,,,,,,,,,,,,
2020-02-02 02:00:00,,,,,,,,,,,,,,,
2020-02-02 02:30:00,104.0,1.0,3.0,,,,,,,,,,,,
2020-02-02 03:00:00,211.0,2.0,2.0,,,,,,,,,,,,
2020-02-02 03:30:00,159.0,0.0,0.0,,,,,,,,,,,,
2020-02-02 04:00:00,,,,,,,,,,,,,,,
2020-02-02 04:30:00,,,,,,,,,,,,,,,
2020-02-02 05:00:00,,,,,,,,,,,,,,,
2020-02-02 05:30:00,137.5,0.5,5.0,,,,,,,,,,,,
2020-02-02 06:00:00,,,,,,,,,,,,,,,
2020-02-02 06:30:00,,,,,,,,,,,,,,,
2020-02-02 07:00:00,,,,,,,,,,,,,,,
2020-02-02 07:30:00,,,,,,,,,,,,,,,
2020-02-02 08:00:00,,,,,,,,,,,,,,,
2020-02-02 08:30:00,191.0,1.0,9.0,,,,,,,,,,,,
2020-02-02 09:00:00,,,,,,,,,,,,,,,
2020-02-02 09:30:00,,,,,,,,,,,,,,,
2020-02-02 10:00:00,,,,,,,,,,,,,,,
2020-02-02 10:30:00,,,,,,,,,,,,,,,
2020-02-02 11:00:00,,,,,,,,,,,,,,,
2020-02-02 11:30:00,,,,,,,,,,,,,,,
2020-02-02 12:00:00,,,,,,,,,,,,,,,
2020-02-02 12:30:00,,,,,,,,,,,,,,,
2020-02-02 13:00:00,,,,,,,,,,,,,,,
2020-02-02 13:30:00,,,,,,,,,,,,,,,
2020-02-02 14:00:00,,,,,,,,,,,,,,,
2020-02-02 14:30:00,519.0,2.0,0.0,,,,,,,,,,,,
2020-02-02 15:00:00,2778.5,5.0,0.0,10.0,0.0,0.0,,,,12.0,0.0,0.0,,,
2020-02-02 15:30:00,661.0,1.0,0.0,,,,,,,,,,,,
2020-02-02 16:00:00,,,,,,,,,,,,,,,
2020-02-02 16:30:00,,,,,,,,,,,,,,,
2020-02-02 17:00:00,183.0,1.0,0.0,,,,,,,,,,,,
2020-02-02 17:30:00,11543.0,352.0,0.0,,,,9.0,0.0,0.0,,,,,,
2020-02-02 18:00:00,3788.0,4.0,123.0,10.0,0.0,0.0,,,,,,,,,
2020-02-02 18:30:00,,,,,,,,,,,,,,,
2020-02-02 19:00:00,,,,,,,,,,,,,,,
2020-02-02 19:30:00,,,,,,,,,,,,,,,
2020-02-02 20:00:00,,,,,,,,,,,,,,,
2020-02-02 20:30:00,,,,,,,,,,,,,,,
2020-02-02 21:00:00,,,,,,,,,,,,,,,
2020-02-02 21:30:00,,,,,,,,,,,,,,,
2020-02-02 22:00:00,,,,,,,,,,,,,,,
2020-02-02 22:30:00,,,,,,,,,,,,,,,
2020-02-02 23:00:00,66.0,0.0,3.0,,,,,,,,,,,,
2020-02-02 23:30:00,3864.0,117.66666666666667,101.66666666666667,,,,,,,,,,,,
2020-02-03 00:00:00,113.0,1.0,3.0,,,,,,,,,,,,
2020-02-03 00:30:00,2508.0,4.0,0.5,,,,11.0,0.0,0.0,,,,,,
2020-02-03 01:00:00,46.0,0.0,2.0,,,,,,,,,,,,
2020-02-03 01:30:00,391.0,0.0,18.0,,,,,,,,,,,,
2020-02-03 02:00:00,,,,,,,,,,,,,,,
2020-02-03 02:30:00,128.0,0.0,0.0,,,,,,,,,,,,
2020-02-03 03:00:00,34.0,0.0,1.0,,,,,,,,,,,,
2020-02-03 03:30:00,,,,,,,,,,,,,,,
2020-02-03 04:00:00,571.0,2.0,0.0,,,,,,,,,,,,
2020-02-03 04:30:00,,,,,,,,,,,,,,,
2020-02-03 05:00:00,,,,,,,,,,,,,,,
2020-02-03 05:30:00,,,,,,,,,,,,,,,
2020-02-03 06:00:00,,,,,,,,,,,,,,,
2020-02-03 06:30:00,,,,,,,,,,,,,,,
2020-02-03 07:00:00,162.0,1.5,6.0,,,,,,,,,,,,
2020-02-03 07:30:00,,,,,,,,,,,,,,,
2020-02-03 08:00:00,,,,,,,,,,,,,,,
2020-02-03 08:30:00,,,,,,,,,,,,,,,
2020-02-03 09:00:00,212.0,1.0,12.0,,,,,,,,,,,,
2020-02-03 09:30:00,,,,,,,,,,,,,,,
2020-02-03 10:00:00,,,,,,,,,,,,,,,
2020-02-03 10:30:00,,,,,,,,,,,,,,,
2020-02-03 11:00:00,523.0,0.5,22.0,,,,,,,,,,,,
2020-02-03 11:30:00,179.0,0.0,1.0,,,,,,,,,,,,
2020-02-03 12:00:00,,,,,,,,,,,,,,,
2020-02-03 12:30:00,426.0,0.0,14.0,,,,,,,,,,,,
2020-02-03 13:00:00,,,,,,,,,,,,,,,
2020-02-03 13:30:00,392.0,0.0,22.0,,,,,,,,,,,,
2020-02-03 14:00:00,193.0,1.0,0.0,,,,,,,,,,,,
2020-02-03 14:30:00,,,,,,,,,,,,,,,
2020-02-03 15:00:00,254.0,1.0,0.0,,,,,,,,,,,,
2020-02-03 15:30:00,,,,,,,,,,,,,,,
2020-02-03 16:00:00,,,,,,,,,,,,,,,
2020-02-03 16:30:00,70.0,1.0,0.0,,,,,,,,,,,,
2020-02-03 17:00:00,1379.0,3.0,42.0,,,,,,,,,,,,
2020-02-03 17:30:00,,,,,,,,,,,,,,,
2020-02-03 18:00:00,,,,,,,,,,,,,,,
2020-02-03 18:30:00,,,,,,,,,,,,,,,
2020-02-03 19:00:00,,,,,,,,,,,,,,,
2020-02-03 19:30:00,,,,,,,,,,,,,,,
2020-02-03 20:00:00,,,,,,,,,,,,,,,
2020-02-03 20:30:00,,,,12.0,0.0,0.0,,,,,,,,,
2020-02-03 21:00:00,121.0,2.0,0.0,,,,,,,,,,,,
2020-02-03 21:30:00,9189.0,212.0,0.5,12.0,0.0,0.0,,,,,,,,,
2020-02-03 22:00:00,,,,,,,,,,,,,,,
2020-02-03 22:30:00,,,,,,,,,,,,,,,
2020-02-03 23:00:00,4589.333333333333,138.0,132.0,,,,,,,,,,,,
2020-02-03 23:30:00,337.0,2.0,9.0,,,,,,,,,,,,
2020-02-04 00:00:00,42.0,0.0,1.0,,,,,,,,,,,,
2020-02-04 00:30:00,,,,,,,,,,,,,,,
2020-02-04 01:00:00,,,,,,,,,,,,,,,
2020-02-04 01:30:00,282.0,1.0,14.0,,,,,,,,,,,,
2020-02-04 02:00:00,,,,,,,,,,,,,,,
2020-02-04 02:30:00,,,,,,,,,,,,,,,
2020-02-04 03:00:00,,,,,,,,,,,,,,,
2020-02-04 03:30:00,,,,,,,,,,,,,,,
2020-02-04 04:00:00,72.0,1.0,0.0,,,,,,,,,,,,
2020-02-04 04:30:00,,,,,,,,,,,,,,,
2020-02-04 05:00:00,,,,,,,,,,,,,,,
2020-02-04 05:30:00,309.5,0.0,15.0,,,,,,,,,,,,
2020-02-04 06:00:00,,,,,,,,,,,,,,,
2020-02-04 06:30:00,219.0,1.0,12.0,,,,,,,,,,,,
2020-02-04 07:00:00,,,,,,,,,,,,,,,
2020-02-04 07:30:00,155.0,2.0,4.0,,,,,,,,,,,,
2020-02-04 08:00:00,,,,,,,,,,,,,,,
2020-02-04 08:30:00,177.0,1.0,13.5,,,,,,,,,,,,
2020-02-04 09:00:00,17.0,1.0,0.0,,,,,,,,,,,,
2020-02-04 09:30:00,,,,,,,,,,,,,,,
2020-02-04 10:00:00,,,,,,,,,,,,,,,
2020-02-04 10:30:00,,,,,,,,,,,,,,,
2020-02-04 11:00:00,,,,,,,,,,,,,,,
2020-02-04 11:30:00,531.5,1.5,22.0,,,,,,,,,,,,
2020-02-04 12:00:00,234.5,0.0,7.0,,,,,,,,,,,,
2020-02-04 12:30:00,142.0,0.0,2.0,,,,,,,,,,,,
2020-02-04 13:00:00,879.5,0.0,46.0,,,,,,,,,,,,
2020-02-04 13:30:00,67.0,0.0,2.0,,,,,,,,,,,,
2020-02-04 14:00:00,337.0,0.0,16.5,,,,,,,,,,,,
2020-02-04 14:30:00,476.0,0.0,20.0,,,,,,,,,,,,
2020-02-04 15:00:00,,,,,,,,,,,,,,,
2020-02-04 15:30:00,584.6666666666666,0.3333333333333333,3.0,,,,,,,,,,,,
2020-02-04 16:00:00,,,,,,,,,,,,,,,
2020-02-04 16:30:00,22.0,0.0,1.0,,,,,,,,,,,,
2020-02-04 17:00:00,,,,,,,,,,,,,,,
2020-02-04 17:30:00,,,,,,,,,,,,,,,
2020-02-04 18:00:00,,,,,,,,,,,,,,,
2020-02-04 18:30:00,,,,,,,,,,,,,,,
2020-02-04 19:00:00,,,,,,,,,,,,,,,
2020-02-04 19:30:00,22949.0,488.0,0.0,,,,,,,13.0,0.0,0.0,,,
2020-02-04 20:00:00,,,,,,,,,,,,,,,
2020-02-04 20:30:00,219.0,1.0,0.0,,,,,,,,,,,,
2020-02-04 21:00:00,235.5,0.0,0.0,,,,,,,,,,,,
2020-02-04 21:30:00,,,,,,,,,,,,,,,
2020-02-04 22:00:00,344.0,2.0,0.0,,,,,,,,,,,,
2020-02-04 22:30:00,,,,,,,,,,,,,,,
2020-02-04 23:00:00,110.0,0.5,4.5,,,,,,,,,,,,
2020-02-04 23:30:00,17044.0,481.0,531.0,,,,,,,,,,,,
2020-02-05 00:00:00,,,,,,,,,,,,,,,
2020-02-05 00:30:00,,,,,,,,,,,,,,,
2020-02-05 01:00:00,,,,,,,,,,,,,,,
2020-02-05 01:30:00,548.0,0.0,27.0,,,,,,,,,,,,
2020-02-05 02:00:00,,,,,,,,,,,,,,,
2020-02-05 02:30:00,,,,,,,,,,,,,,,
2020-02-05 03:00:00,17.0,0.0,3.0,,,,,,,,,,,,
2020-02-05 03:30:00,69.0,1.0,2.0,,,,,,,,,,,,
2020-02-05 04:00:00,,,,,,,,,,,,,,,
2020-02-05 04:30:00,,,,,,,,,,,,,,,
2020-02-05 05:00:00,,,,,,,,,,,,,,,
2020-02-05 05:30:00,253.0,1.0,24.0,,,,,,,,,,,,
2020-02-05 06:00:00,243.0,1.0,15.0,,,,,,,,,,,,
2020-02-05 06:30:00,,,,,,,,,,,,,,,
2020-02-05 07:00:00,,,,,,,,,,,,,,,
2020-02-05 07:30:00,,,,,,,,,,,,,,,
2020-02-05 08:00:00,,,,,,,,,,,,,,,
2020-02-05 08:30:00,103.5,0.0,4.5,,,,,,,,,,,,
2020-02-05 09:00:00,,,,,,,,,,,,,,,
2020-02-05 09:30:00,,,,,,,,,,,,,,,
2020-02-05 10:00:00,608.0,1.0,39.0,,,,,,,,,,,,
2020-02-05 10:30:00,,,,,,,,,,,,,,,
2020-02-05 11:00:00,94.5,0.5,4.0,,,,,,,,,,,,
2020-02-05 11:30:00,,,,,,,,,,,,,,,
2020-02-05 12:00:00,170.0,1.0,10.0,,,,,,,,,,,,
2020-02-05 12:30:00,305.0,0.5,21.5,,,,,,,,,,,,
2020-02-05 13:00:00,895.0,0.0,49.0,,,,,,,,,,,,
2020-02-05 13:30:00,530.0,0.0,23.0,,,,,,,,,,,,
2020-02-05 14:00:00,148.0,1.0,0.0,,,,,,,,,,,,
2020-02-05 14:30:00,218.5,1.0,0.0,,,,,,,,,,,,
2020-02-05 15:00:00,759.5,0.5,47.0,,,,,,,,,,,,
2020-02-05 15:30:00,870.0,0.0,0.0,,,,,,,,,,,,
2020-02-05 16:00:00,75.5,0.5,3.0,,,,,,,,,,,,
2020-02-05 16:30:00,99.0,1.0,5.0,,,,,,,,,,,,
2020-02-05 17:00:00,,,,,,,,,,,,,,,
2020-02-05 17:30:00,69.0,1.0,0.0,,,,,,,,,,,,
2020-02-05 18:00:00,,,,,,,,,,,,,,,
2020-02-05 18:30:00,,,,,,,,,,,,,,,
2020-02-05 19:00:00,205.0,0.0,0.0,,,,,,,,,,,,
2020-02-05 19:30:00,253.0,1.0,0.0,,,,,,,,,,,,
2020-02-05 20:00:00,243.0,1.0,0.0,,,,,,,,,,,,
2020-02-05 20:30:00,,,,,,,,,,,,,,,
2020-02-05 21:00:00,307.0,0.0,0.0,,,,,,,,,,,,
2020-02-05 21:30:00,124.0,0.0,0.0,,,,,,,,,,,,
2020-02-05 22:00:00,,,,,,,,,,,,,,,
2020-02-05 22:30:00,,,,,,,,,,,,,,,
2020-02-05 23:00:00,10020.5,275.5,316.5,,,,,,,,,,,,
2020-02-05 23:30:00,258.5,1.0,10.0,,,,,,,,,,,,
2020-02-06 00:00:00,,,,,,,,,,,,,,,
2020-02-06 00:30:00,,,,,,,,,,,,,,,
2020-02-06 01:00:00,10.0,0.0,1.0,,,,,,,,,,,,
2020-02-06 01:30:00,88.0,0.0,0.0,,,,,,,,,,,,
2020-02-06 02:00:00,52.0,0.0,4.0,,,,,,,,,,,,
2020-02-06 02:30:00,322.5,0.0,19.0,,,,,,,,,,,,
2020-02-06 03:00:00,274.0,1.0,31.0,,,,,,,,,,,,
2020-02-06 03:30:00,,,,,,,,,,,,,,,
2020-02-06 04:00:00,168.0,0.0,14.0,,,,,,,,,,,,
2020-02-06 04:30:00,,,,,,,,,,,,,,,
2020-02-06 05:00:00,89.0,0.0,0.0,,,,,,,,,,,,
2020-02-06 05:30:00,,,,,,,,,,,,,,,
2020-02-06 06:00:00,,,,,,,,,,,,,,,
2020-02-06 06:30:00,178.0,1.0,12.5,,,,,,,,,,,,
2020-02-06 07:00:00,,,,,,,,,,,,,,,
2020-02-06 07:30:00,347.0,0.0,27.0,,,,,,,,,,,,
2020-02-06 08:00:00,460.5,2.0,36.5,,,,,,,,,,,,
2020-02-06 08:30:00,,,,,,,,,,,,,,,
2020-02-06 09:00:00,,,,,,,,,,,,,,,
2020-02-06 09:30:00,102.0,0.5,6.5,,,,,,,,,,,,
2020-02-06 10:00:00,,,,,,,,,,,,,,,
2020-02-06 10:30:00,954.0,0.0,94.0,,,,,,,,,,,,
2020-02-06 11:00:00,390.6666666666667,1.0,26.0,,,,,,,,,,,,
2020-02-06 11:30:00,,,,,,,,,,,,,,,
2020-02-06 12:00:00,,,,,,,,,,,,,,,
2020-02-06 12:30:00,970.0,0.0,69.0,,,,,,,,,,,,
2020-02-06 13:00:00,10188.0,274.5,40.5,,,,,,,,,,,,
2020-02-06 13:30:00,436.6666666666667,1.0,18.666666666666668,,,,,,,,,,,,
2020-02-06 14:00:00,235.0,0.5,2.0,,,,,,,,,,,,
2020-02-06 14:30:00,263.0,0.25,1.25,,,,,,,,,,,,
2020-02-06 15:00:00,726.0,1.6666666666666667,0.3333333333333333,,,,,,,,,,,,
2020-02-06 15:30:00,1109.5,0.5,0.0,,,,,,,,,,,,
2020-02-06 16:00:00,700.0,1.0,0.0,,,,,,,,,,,,
2020-02-06 16:30:00,,,,,,,,,,,,,,,
2020-02-06 17:00:00,274.0,1.0,0.0,,,,,,,,,,,,
2020-02-06 17:30:00,215.0,0.0,0.0,,,,,,,,,,,,
2020-02-06 18:00:00,,,,,,,,,,,,,,,
2020-02-06 18:30:00,,,,,,,,,,,,,,,
2020-02-06 19:00:00,106.0,1.0,0.0,,,,,,,,,,,,
2020-02-06 19:30:00,,,,,,,,,,,,,,,
2020-02-06 20:00:00,78.0,1.0,0.0,,,,,,,,,,,,
2020-02-06 20:30:00,257.0,1.0,0.0,,,,,,,,,,,,
2020-02-06 21:00:00,,,,,,,,,,,,,,,
2020-02-06 21:30:00,347.0,0.0,0.0,,,,,,,,,,,,
2020-02-06 22:00:00,970.0,0.0,0.0,,,,,,,,,,,,
2020-02-06 22:30:00,400.0,2.0,0.0,,,,,,,,,,,,
2020-02-06 23:00:00,11104.0,309.0,414.5,,,,,,,,,,,,
2020-02-06 23:30:00,207.66666666666666,1.0,8.666666666666666,,,,,,,,,,,,
2020-02-07 00:00:00,,,,,,,,,,,,,,,
2020-02-07 00:30:00,118.5,0.5,10.5,,,,,,,,,,,,
2020-02-07 01:00:00,661.0,0.0,45.0,,,,,,,5.0,0.0,0.0,,,
2020-02-07 01:30:00,,,,,,,,,,,,,,,
2020-02-07 02:00:00,,,,,,,,,,,,,,,
2020-02-07 02:30:00,67.0,0.0,9.0,,,,,,,,,,,,
2020-02-07 03:00:00,175.5,0.5,17.0,,,,,,,,,,,,
2020-02-07 03:30:00,,,,,,,,,,,,,,,
2020-02-07 04:00:00,25.0,0.0,1.0,,,,,,,,,,,,
2020-02-07 04:30:00,118.0,1.0,0.0,,,,,,,,,,,,
2020-02-07 05:00:00,665.0,0.0,47.0,,,,,,,,,,,,
2020-02-07 05:30:00,81.0,1.0,2.0,,,,4.0,0.0,0.0,,,,,,
2020-02-07 06:00:00,277.0,1.0,30.0,,,,,,,,,,,,
2020-02-07 06:30:00,,,,,,,,,,,,,,,
2020-02-07 07:00:00,,,,,,,,,,,,,,,
2020-02-07 07:30:00,277.0,3.0,12.0,,,,,,,,,,,,
2020-02-07 08:00:00,528.0,1.0,59.0,,,,,,,,,,,,
2020-02-07 08:30:00,,,,,,,,,,,,,,,
2020-02-07 09:00:00,,,,,,,,,,,,,,,
2020-02-07 09:30:00,,,,,,,,,,,,,,,
2020-02-07 10:00:00,1034.0,1.0,88.0,,,,,,,,,,,,
2020-02-07 10:30:00,,,,,,,,,,,,,,,
2020-02-07 11:00:00,174.0,1.0,16.0,,,,,,,,,,,,
2020-02-07 11:30:00,1094.5,0.5,136.0,,,,,,,,,,,,
2020-02-07 12:00:00,172.0,1.0,22.0,,,,,,,,,,,,
2020-02-07 12:30:00,106.5,1.0,5.0,,,,,,,,,,,,
2020-02-07 13:00:00,11168.0,309.0,10.0,,,,,,,,,,,,
2020-02-07 13:30:00,411.0,2.0,0.0,,,,,,,,,,,,
2020-02-07 14:00:00,848.5,3.0,64.5,,,,,,,,,,,,
2020-02-07 14:30:00,343.5,1.0,0.0,,,,,,,,,,,,
2020-02-07 15:00:00,1520.5,2.0,0.0,,,,,,,,,,,,
2020-02-07 15:30:00,615.5,1.5,1.75,,,,,,,,,,,,
2020-02-07 16:00:00,,,,,,,,,,,,,,,
2020-02-07 16:30:00,58.5,1.5,0.0,13.0,0.0,0.0,,,,,,,,,
2020-02-07 17:00:00,521.0,1.0,0.0,,,,,,,,,,,,
2020-02-07 17:30:00,,,,,,,,,,,,,,,
2020-02-07 18:00:00,,,,,,,,,,,,,,,
2020-02-07 18:30:00,,,,,,,,,,,,,,,
2020-02-07 19:00:00,,,,,,,,,,,,,,,
2020-02-07 19:30:00,98.0,1.5,0.0,,,,,,,,,,,,
2020-02-07 20:00:00,277.0,1.0,0.0,,,,,,,,,,,,
2020-02-07 20:30:00,,,,,,,,,,,,,,,
2020-02-07 21:00:00,,,,,,,,,,,,,,,
2020-02-07 21:30:00,261.0,0.0,0.0,,,,,,,,,,,,
2020-02-07 22:00:00,,,,,,,,,,,,,,,
2020-02-07 22:30:00,1034.0,1.0,0.0,,,,,,,,,,,,
2020-02-07 23:00:00,362.5,1.5,6.0,,,,,,,,,,,,
2020-02-07 23:30:00,12741.5,350.5,580.5,,,,,,,,,,,,
2020-02-08 00:00:00,92.66666666666667,0.6666666666666666,7.0,,,,,,,,,,,,
2020-02-08 00:30:00,,,,,,,,,,,,,,,
2020-02-08 01:00:00,698.0,0.0,55.0,,,,,,,,,,,,
2020-02-08 01:30:00,25.0,1.0,0.0,,,,,,,,,,,,
2020-02-08 02:00:00,,,,,,,,,,,,,,,
2020-02-08 02:30:00,117.0,2.0,0.0,,,,,,,,,,,,
2020-02-08 03:00:00,178.5,1.0,17.0,,,,,,,,,,,,
2020-02-08 03:30:00,26.5,0.0,3.0,,,,,,,,,,,,
2020-02-08 04:00:00,295.0,5.0,13.0,,,,,,,,,,,,
2020-02-08 04:30:00,,,,,,,,,,,,,,,
2020-02-08 05:00:00,,,,,,,,,,,,,,,
2020-02-08 05:30:00,,,,,,,,,,,,,,,
2020-02-08 06:00:00,,,,,,,,,,,,,,,
2020-02-08 06:30:00,187.5,1.0,24.0,,,,,,,,,,,,
2020-02-08 07:00:00,13.0,0.0,1.0,,,,,,,,,,,,
2020-02-08 07:30:00,733.0,0.0,59.0,,,,,,,,,,,,
2020-02-08 08:00:00,163.5,0.5,14.0,,,,,,,,,,,,
2020-02-08 08:30:00,138.0,0.0,17.0,,,,,,,,,,,,
2020-02-08 09:00:00,45.0,0.0,15.0,,,,,,,,,,,,
2020-02-08 09:30:00,,,,11.0,0.0,0.0,,,,,,,,,
2020-02-08 10:00:00,379.0,1.0,42.5,,,,,,,,,,,,
2020-02-08 10:30:00,1048.0,0.0,175.0,,,,,,,,,,,,
2020-02-08 11:00:00,428.0,2.0,39.0,,,,,,,,,,,,
2020-02-08 11:30:00,905.5,1.0,97.0,,,,,,,,,,,,
2020-02-08 12:00:00,,,,,,,,,,,,,,,
2020-02-08 12:30:00,868.0,1.0,168.0,,,,,,,,,,,,
2020-02-08 13:00:00,138.0,0.0,0.0,,,,,,,,,,,,
2020-02-08 13:30:00,8562.0,234.33333333333334,0.0,,,,,,,,,,,,
2020-02-08 14:00:00,679.5,2.5,58.0,,,,,,,,,,,,
2020-02-08 14:30:00,1140.0,0.0,0.0,,,,,,,,,,,,
2020-02-08 15:00:00,395.0,0.5,18.0,,,,,,,,,,,,
2020-02-08 15:30:00,1700.0,5.0,0.0,,,,,,,,,,,,
2020-02-08 16:00:00,730.5,3.0,0.0,,,,,,,,,,,,
2020-02-08 16:30:00,319.0,2.0,0.0,,,,,,,,,,,,
2020-02-08 17:00:00,347.0,1.5,0.0,,,,,,,,,,,,
2020-02-08 17:30:00,,,,,,,,,,,,,,,
2020-02-08 18:00:00,,,,,,,,,,,,,,,
2020-02-08 18:30:00,,,,,,,,,,,,,,,
2020-02-08 19:00:00,,,,,,,,,,,,,,,
2020-02-08 19:30:00,,,,,,,,,,,,,,,
2020-02-08 20:00:00,286.0,1.0,0.0,,,,,,,,,,,,
2020-02-08 20:30:00,,,,,,,,,,,,,,,
2020-02-08 21:00:00,259.5,0.0,0.0,,,,,,,,,,,,
2020-02-08 21:30:00,,,,,,,,,,,,,,,
2020-02-08 22:00:00,761.5,1.5,0.0,,,,,,,,,,,,
2020-02-08 22:30:00,803.0,1.0,0.0,,,,,,,,,,,,
2020-02-08 23:00:00,,,,,,,,,,,,,,,
2020-02-08 23:30:00,13607.5,390.0,730.0,,,,,,,,,,,,
2020-02-09 00:00:00,,,,,,,,,,,,,,,
2020-02-09 00:30:00,195.0,1.0,18.0,,,,,,,,,,,,
2020-02-09 01:00:00,45.0,0.0,0.0,,,,,,,,,,,,
2020-02-09 01:30:00,,,,,,,,,,,,,,,
2020-02-09 02:00:00,49.5,0.0,9.0,,,,,,,,,,,,
2020-02-09 02:30:00,32.5,0.0,2.5,,,,,,,,,,,,
2020-02-09 03:00:00,208.0,0.0,25.0,,,,,,,,,,,,
2020-02-09 03:30:00,326.0,2.0,37.0,,,,,,,,,,,,
2020-02-09 04:00:00,,,,,,,,,,,,,,,
2020-02-09 04:30:00,,,,,,,,,,,,,,,
2020-02-09 05:00:00,364.0,1.0,0.0,,,,,,,,,,,,
2020-02-09 05:30:00,,,,,,,,,,,,,,,
2020-02-09 06:00:00,26.0,0.0,1.0,14.0,0.0,0.0,,,,,,,,,
2020-02-09 06:30:00,293.0,1.0,44.0,,,,,,,,,,,,
2020-02-09 07:00:00,,,,,,,1.0,0.0,1.0,,,,,,
2020-02-09 07:30:00,,,,,,,,,,,,,,,
2020-02-09 08:00:00,,,,,,,,,,,,,,,
2020-02-09 08:30:00,224.0,3.0,16.0,,,,,,,,,,,,
2020-02-09 09:00:00,164.0,0.5,23.5,,,,,,,,,,,,
2020-02-09 09:30:00,453.5,1.5,39.5,,,,,,,,,,,,
2020-02-09 10:00:00,468.0,0.0,71.0,,,,,,,,,,,,
2020-02-09 10:30:00,,,,,,,,,,,,,,,
2020-02-09 11:00:00,1033.0,6.0,153.0,,,,,,,,,,,,
2020-02-09 11:30:00,740.0,0.0,73.0,,,,,,,,,,,,
2020-02-09 12:00:00,591.0,0.0,106.5,,,,,,,,,,,,
2020-02-09 12:30:00,715.0,2.0,145.5,,,,,,,,,,,,
2020-02-09 13:00:00,,,,,,,,,,,,,,,
2020-02-09 13:30:00,9115.333333333334,261.0,6.333333333333333,,,,,,,,,,,,
2020-02-09 14:00:00,140.0,1495.0,0.0,,,,,,,,,,,,
2020-02-09 14:30:00,376.5,4.0,0.0,,,,,,,,,,,,
2020-02-09 15:00:00,1939.6666666666667,3.6666666666666665,68.0,,,,,,,,,,,,
2020-02-09 15:30:00,1307.5,2.0,0.0,,,,,,,,,,,,
2020-02-09 16:00:00,321.5,0.5,0.0,,,,,,,,,,,,
2020-02-09 16:30:00,,,,,,,,,,,,,,,
2020-02-09 17:00:00,,,,,,,,,,,,,,,
2020-02-09 17:30:00,222.0,1.0,0.0,,,,,,,,,,,,
2020-02-09 18:00:00,,,,,,,,,,,,,,,
2020-02-09 18:30:00,,,,,,,,,,,,,,,
2020-02-09 19:00:00,,,,,,,2.0,0.0,2.0,,,,,,
2020-02-09 19:30:00,,,,,,,,,,,,,,,
2020-02-09 20:00:00,,,,,,,,,,,,,,,
2020-02-09 20:30:00,293.0,1.0,0.0,,,,,,,,,,,,
2020-02-09 21:00:00,,,,,,,,,,,,,,,
2020-02-09 21:30:00,141.0,0.0,0.0,,,,,,,,,,,,
2020-02-09 22:00:00,1012.5,2.0,0.0,,,,,,,,,,,,
2020-02-09 22:30:00,,,,,,,,,,,,,,,
2020-02-09 23:00:00,130.0,3.0,0.0,,,,,,,,,,,,
2020-02-09 23:30:00,7582.5,219.0,471.75,,,,,,,,,,,,
2020-02-10 00:00:00,,,,,,,,,,,,,,,
2020-02-10 00:30:00,,,,,,,,,,,,,,,
2020-02-10 01:00:00,49.0,0.0,0.0,,,,,,,,,,,,
2020-02-10 01:30:00,49.0,0.0,13.0,,,,,,,,,,,,
2020-02-10 02:00:00,107.0,0.0,0.0,,,,,,,,,,,,
2020-02-10 02:30:00,58.0,0.0,5.0,,,,,,,,,,,,
2020-02-10 03:00:00,182.0,1.0,23.5,,,,,,,,,,,,
2020-02-10 03:30:00,131.0,3.0,0.0,,,,,,,,,,,,
2020-02-10 04:00:00,,,,,,,,,,,,,,,
2020-02-10 04:30:00,,,,,,,,,,,,,,,
2020-02-10 05:00:00,,,,,,,,,,,,,,,
2020-02-10 05:30:00,,,,,,,,,,,,,,,
2020-02-10 06:00:00,299.0,1.0,48.0,,,,,,,,,,,,
2020-02-10 06:30:00,,,,,,,,,,,,,,,
2020-02-10 07:00:00,913.0,5.0,105.0,,,,,,,,,,,,
2020-02-10 07:30:00,331.0,7.0,30.0,,,,,,,,,,,,
2020-02-10 08:00:00,,,,,,,,,,,,,,,
2020-02-10 08:30:00,,,,,,,,,,,,,,,
2020-02-10 09:00:00,,,,,,,,,,,,,,,
2020-02-10 09:30:00,376.5,2.0,52.0,,,,,,,,,,,,
2020-02-10 10:00:00,623.0,3.0,121.0,,,,,,,,,,,,
2020-02-10 10:30:00,,,,,,,,,,,,,,,
2020-02-10 11:00:00,,,,,,,,,,,,,,,
2020-02-10 11:30:00,,,,,,,,,,,,,,,
2020-02-10 12:00:00,,,,,,,,,,,,,,,
2020-02-10 12:30:00,109.0,1.0,10.0,,,,,,,,,,,,
2020-02-10 13:00:00,14963.5,436.5,15.0,,,,,,,,,,,,
2020-02-10 13:30:00,1096.5,3.0,167.75,,,,,,,,,,,,
2020-02-10 14:00:00,639.0,1.25,105.0,,,,,,,,,,,,
2020-02-10 14:30:00,463.0,5.5,0.0,,,,,,,,,,,,
2020-02-10 15:00:00,1440.0,3.5,0.0,,,,,,,,,,,,
2020-02-10 15:30:00,833.5,1.5,0.0,,,,,,,,,,,,
2020-02-10 16:00:00,1641.5,3.0,0.0,,,,,,,,,,,,
2020-02-10 16:30:00,,,,,,,,,,,,,,,
2020-02-10 17:00:00,,,,,,,,,,,,,,,
2020-02-10 17:30:00,94.0,1.0,0.0,,,,,,,,,,,,
2020-02-10 18:00:00,,,,,,,,,,,,,,,
2020-02-10 18:30:00,,,,,,,,,,,,,,,
2020-02-10 19:00:00,45.0,0.0,2.0,,,,,,,,,,,,
2020-02-10 19:30:00,,,,,,,,,,,,,,,
2020-02-10 20:00:00,299.0,1.0,0.0,,,,,,,,,,,,
2020-02-10 20:30:00,,,,,,,,,,,,,,,
2020-02-10 21:00:00,466.0,1.0,0.0,,,,,,,,,,,,
2020-02-10 21:30:00,26.0,0.0,4.0,,,,,,,,,,,,
2020-02-10 22:00:00,816.0,1.5,0.0,,,,,,,,,,,,
2020-02-10 22:30:00,,,,,,,,,,,,,,,
2020-02-10 23:00:00,,,,,,,,,,,,,,,
2020-02-10 23:30:00,10833.666666666666,326.3333333333333,762.6666666666666,,,,,,,,,,,,
2020-02-11 00:00:00,,,,,,,,,,,,,,,
2020-02-11 00:30:00,,,,,,,,,,,,,,,
2020-02-11 01:00:00,,,,,,,,,,,,,,,
2020-02-11 01:30:00,,,,,,,,,,,,,,,
2020-02-11 02:00:00,,,,,,,,,,,,,,,
2020-02-11 02:30:00,54.0,0.0,12.0,,,,,,,,,,,,
2020-02-11 03:00:00,342.0,3.0,48.0,,,,,,,,,,,,
2020-02-11 03:30:00,,,,,,,,,,,,,,,
2020-02-11 04:00:00,95.0,1.0,0.0,,,,,,,,,,,,
2020-02-11 04:30:00,,,,,,,,,,,,,,,
2020-02-11 05:00:00,,,,,,,,,,,,,,,
2020-02-11 05:30:00,,,,,,,,,,,,,,,
2020-02-11 06:00:00,261.0,0.5,42.0,,,,,,,,,,,,
2020-02-11 06:30:00,,,,,,,,,,,,,,,
2020-02-11 07:00:00,,,,,,,,,,,,,,,
2020-02-11 07:30:00,,,,,,,,,,,,,,,
2020-02-11 08:00:00,298.0,0.5,55.5,,,,,,,,,,,,
2020-02-11 08:30:00,,,,,,,,,,,,,,,
2020-02-11 09:00:00,153.0,0.0,20.0,,,,,,,,,,,,
2020-02-11 09:30:00,909.0,5.0,105.0,,,,,,,,,,,,
2020-02-11 10:00:00,53.0,0.0,22.0,,,,,,,,,,,,
2020-02-11 10:30:00,,,,,,,,,,,,,,,
2020-02-11 11:00:00,1736.0,13.0,279.0,,,,,,,,,,,,
2020-02-11 11:30:00,,,,,,,,,,,,,,,
2020-02-11 12:00:00,,,,,,,,,,,,,,,
2020-02-11 12:30:00,2140.0,1.0,536.0,,,,,,,,,,,,
2020-02-11 13:00:00,31728.0,974.0,0.0,,,,,,,,,,,,
2020-02-11 13:30:00,486.0,2.0,0.0,,,,,,,,,,,,
2020-02-11 14:00:00,1783.0,6.0,310.0,,,,,,,,,,,,
2020-02-11 14:30:00,744.0,6.0,10.0,,,,,,,,,,,,
2020-02-11 15:00:00,1187.75,4.25,6.0,,,,,,,,,,,,
2020-02-11 15:30:00,1617.0,4.5,0.0,,,,,,,,,,,,
2020-02-11 16:00:00,219.0,0.0,0.0,,,,,,,,,,,,
2020-02-11 16:30:00,81.0,1.0,7.5,,,,,,,,,,,,
2020-02-11 17:00:00,444.0,5.0,0.0,,,,,,,,,,,,
2020-02-11 17:30:00,,,,,,,,,,,,,,,
2020-02-11 18:00:00,,,,,,,,,,,,,,,
2020-02-11 18:30:00,33.0,0.0,10.0,,,,,,,,,,,,
2020-02-11 19:00:00,,,,,,,,,,,,,,,
2020-02-11 19:30:00,,,,16.0,0.0,0.0,,,,,,,,,
2020-02-11 20:00:00,303.0,1.0,0.0,,,,,,,,,,,,
2020-02-11 20:30:00,104.0,2.0,0.0,,,,,,,,,,,,
2020-02-11 21:00:00,487.0,1.0,0.0,,,,,,,,,,,,
2020-02-11 21:30:00,,,,,,,,,,,,,,,
2020-02-11 22:00:00,,,,,,,,,,,,,,,
2020-02-11 22:30:00,489.0,2.0,0.0,,,,,,,,,,,,
2020-02-11 23:00:00,129.5,1.0,5.0,,,,,,,,,,,,
2020-02-11 23:30:00,16997.5,535.5,1374.0,,,,,,,,,,,,
2020-02-12 00:00:00,127.0,1.0,0.0,1.0,0.0,1.0,,,,,,,,,
2020-02-12 00:30:00,,,,,,,,,,,,,,,
2020-02-12 01:00:00,844.0,1.0,152.0,,,,,,,,,,,,
2020-02-12 01:30:00,59.0,0.0,3.0,,,,,,,,,,,,
2020-02-12 02:00:00,,,,,,,,,,,,,,,
2020-02-12 02:30:00,380.0,3.0,65.0,,,,,,,,,,,,
2020-02-12 03:00:00,,,,,,,,,,,,,,,
2020-02-12 03:30:00,,,,,,,,,,,,,,,
2020-02-12 04:00:00,124.5,2.5,0.0,,,,,,,,,,,,
2020-02-12 04:30:00,,,,,,,,,,,,,,,
2020-02-12 05:00:00,,,,,,,,,,,,,,,
2020-02-12 05:30:00,,,,,,,,,,,,,,,
2020-02-12 06:00:00,311.0,1.0,57.0,,,,,,,,,,,,
2020-02-12 06:30:00,,,,,,,,,,,,,,,
2020-02-12 07:00:00,,,,,,,,,,,,,,,
2020-02-12 07:30:00,3.0,1.0,1.0,,,,,,,,,,,,
2020-02-12 08:00:00,18.0,0.0,9.0,,,,,,,,,,,,
2020-02-12 08:30:00,,,,,,,,,,,,,,,
2020-02-12 09:00:00,,,,,,,,,,,,,,,
2020-02-12 09:30:00,96.5,1.0,10.5,,,,,,,,,,,,
2020-02-12 10:00:00,2020.0,4.0,448.0,,,,,,,,,,,,
2020-02-12 10:30:00,,,,,,,,,,,,,,,
2020-02-12 11:00:00,1091.0,4.0,219.0,,,,,,,,,,,,
2020-02-12 11:30:00,272.0,0.0,53.0,,,,,,,,,,,,
2020-02-12 12:00:00,1219.0,1.0,275.0,,,,,,,,,,,,
2020-02-12 12:30:00,1382.0,3.0,396.0,,,,,,,,,,,,
2020-02-12 13:00:00,,,,,,,,,,,,,,,
2020-02-12 13:30:00,116.0,1.0,20.0,,,,,,,,,,,,
2020-02-12 14:00:00,35659.0,1085.0,3136.0,,,,,,,,,,,,
2020-02-12 14:30:00,28.0,0.0,7.0,2.0,0.0,2.0,,,,,,,,,
2020-02-12 15:00:00,334.0,3.0,43.0,,,,,,,,,,,,
2020-02-12 15:30:00,,,,,,,,,,,,,,,
2020-02-12 16:00:00,,,,,,,,,,,,,,,
2020-02-12 16:30:00,43563.0,1110.0,0.0,,,,,,,,,,,,
2020-02-12 17:00:00,157.0,4.0,27.0,,,,,,,,,,,,
2020-02-12 17:30:00,,,,,,,,,,,,,,,
2020-02-12 18:00:00,,,,,,,,,,,,,,,
2020-02-12 18:30:00,,,,11.0,0.0,2.0,,,,,,,,,
2020-02-12 19:00:00,,,,9.0,0.0,1.0,,,,,,,,,
2020-02-12 19:30:00,50.0,0.0,15.0,,,,,,,,,,,,
2020-02-12 20:00:00,,,,,,,,,,,,,,,
2020-02-12 20:30:00,,,,,,,,,,,,,,,
2020-02-12 21:00:00,,,,,,,,,,,,,,,
2020-02-12 21:30:00,,,,,,,,,,,,,,,
2020-02-12 22:00:00,,,,,,,,,,,,,,,
2020-02-12 22:30:00,,,,,,,,,,,,,,,
2020-02-12 23:00:00,243.66666666666666,1.6666666666666667,55.333333333333336,,,,,,,,,,,,
2020-02-12 23:30:00,,,,,,,,,,,,,,,
2020-02-13 00:00:00,222.0,2.0,33.0,,,,,,,,,,,,
2020-02-13 00:30:00,,,,,,,,,,,,,,,
2020-02-13 01:00:00,498.5,0.5,100.0,,,,,,,,,,,,
2020-02-13 01:30:00,,,,,,,,,,,,,,,
2020-02-13 02:00:00,,,,,,,,,,,,,,,
2020-02-13 02:30:00,,,,,,,,,,,,,,,
2020-02-13 03:00:00,,,,,,,,,,,,,,,
2020-02-13 03:30:00,,,,,,,,,,,,,,,
2020-02-13 04:00:00,,,,,,,,,,,,,,,
2020-02-13 04:30:00,,,,,,,,,,,,,,,
2020-02-13 05:00:00,,,,,,,,,,,,,,,
2020-02-13 05:30:00,,,,,,,,,,,,,,,
2020-02-13 06:00:00,315.0,1.0,62.0,,,,,,,,,,,,
2020-02-13 06:30:00,925.5,7.0,3.5,,,,,,,,,,,,
2020-02-13 07:00:00,,,,,,,,,,,,,,,
2020-02-13 07:30:00,,,,,,,,,,,,,,,
2020-02-13 08:00:00,,,,,,,,,,,,,,,
2020-02-13 08:30:00,174.0,0.0,38.0,,,,,,,,,,,,
2020-02-13 09:00:00,,,,,,,,,,,,,,,
2020-02-13 09:30:00,,,,,,,,,,,,,,,
2020-02-13 10:00:00,,,,,,,,,,,,,,,
2020-02-13 10:30:00,572.3333333333334,3.0,125.33333333333333,,,,,,,,,,,,
2020-02-13 11:00:00,,,,,,,,,,,,,,,
2020-02-13 11:30:00,968.0,2.0,339.0,,,,,,,,,,,,
2020-02-13 12:00:00,211.5,5.0,21.0,,,,,,,,,,,,
2020-02-13 12:30:00,,,,,,,,,,,,,,,
2020-02-13 13:00:00,,,,,,,,,,,,,,,
2020-02-13 13:30:00,3195.0,11.0,704.0,,,,,,,,,,,,
2020-02-13 14:00:00,49727.0,1313.0,3891.0,,,,,,,,,,,,
2020-02-13 14:30:00,698.5,6.0,167.0,,,,,,,,,,,,
2020-02-13 15:00:00,,,,16.0,0.0,1.0,,,,,,,,,
2020-02-13 15:30:00,90.0,2.0,39.0,,,,,,,,,,,,
2020-02-13 16:00:00,,,,,,,,,,,,,,,
2020-02-13 16:30:00,,,,,,,,,,,,,,,
2020-02-13 17:00:00,,,,,,,,,,,,,,,
2020-02-13 17:30:00,33.0,0.0,12.0,,,,,,,4.0,0.0,4.0,,,
2020-02-13 18:00:00,,,,,,,,,,,,,,,
2020-02-13 18:30:00,,,,,,,,,,,,,,,
2020-02-13 19:00:00,,,,,,,,,,,,,,,
2020-02-13 19:30:00,,,,,,,,,,,,,,,
2020-02-13 20:00:00,,,,,,,,,,,,,,,
2020-02-13 20:30:00,,,,,,,,,,,,,,,
2020-02-13 21:00:00,,,,,,,,,,,,,,,
2020-02-13 21:30:00,,,,,,,,,,,,,,,
2020-02-13 22:00:00,,,,,,,,,,,,,,,
2020-02-13 22:30:00,,,,,,,,,,,,,,,
2020-02-13 23:00:00,655.0,4.0,164.0,,,,,,,,,,,,
2020-02-13 23:30:00,119.0,3.0,21.0,,,,,,,,,,,,
2020-02-14 00:00:00,,,,,,,,,,,,,,,
2020-02-14 00:30:00,86.0,1.0,25.0,,,,,,,,,,,,
2020-02-14 01:00:00,965.0,2.0,193.0,,,,,,,,,,,,
2020-02-14 01:30:00,103.5,0.5,26.0,,,,,,,,,,,,
2020-02-14 02:00:00,41.5,0.0,4.0,,,,,,,,,,,,
2020-02-14 02:30:00,,,,,,,,,,,,,,,
2020-02-14 03:00:00,,,,,,,,,,,,,,,
2020-02-14 03:30:00,29.0,1.0,9.0,,,,,,,,,,,,
2020-02-14 04:00:00,318.0,1.0,90.0,,,,,,,,,,,,
2020-02-14 04:30:00,,,,,,,,,,,,,,,
2020-02-14 05:00:00,,,,,,,,,,,,,,,
2020-02-14 05:30:00,,,,,,,,,,,,,,,
2020-02-14 06:00:00,,,,,,,,,,,,,,,
2020-02-14 06:30:00,372.0,3.0,80.0,,,,,,,,,,,,
2020-02-14 07:00:00,,,,,,,,,,,,,,,
2020-02-14 07:30:00,,,,,,,,,,,,,,,
2020-02-14 08:00:00,,,,,,,,,,,,,,,
2020-02-14 08:30:00,,,,,,,,,,,,,,,
2020-02-14 09:00:00,522.0,1.5,182.5,,,,,,,,,,,,
2020-02-14 09:30:00,,,,,,,,,,,,,,,
2020-02-14 10:00:00,593.0,0.0,157.0,,,,,,,,,,,,
2020-02-14 10:30:00,,,,,,,,,,,,,,,
2020-02-14 11:00:00,1670.0,9.0,431.0,,,,,,,,,,,,
2020-02-14 11:30:00,,,,,,,,,,,,,,,
2020-02-14 12:00:00,,,,,,,,,,,,,,,
2020-02-14 12:30:00,1919.0,9.5,509.5,,,,,,,,,,,,
2020-02-14 13:00:00,419.0,11.0,47.0,,,,,,,,,,,,
2020-02-14 13:30:00,,,,,,,,,,,,,,,
2020-02-14 14:00:00,1155.0,0.0,403.0,,,,,,,,,,,,
2020-02-14 14:30:00,,,,,,,,,,,,,,,
2020-02-14 15:00:00,504.0,7.0,108.0,,,,,,,,,,,,
2020-02-14 15:30:00,,,,,,,,,,,,,,,
2020-02-14 16:00:00,,,,,,,,,,,,,,,
2020-02-14 16:30:00,,,,,,,,,,,,,,,
2020-02-14 17:00:00,,,,,,,,,,,,,,,
2020-02-14 17:30:00,,,,,,,,,,,,,,,
2020-02-14 18:00:00,,,,,,,,,,,,,,,
2020-02-14 18:30:00,,,,,,,,,,,,,,,
2020-02-14 19:00:00,,,,,,,,,,,,,,,
2020-02-14 19:30:00,,,,,,,,,,,,,,,
2020-02-14 20:00:00,,,,,,,,,,,,,,,
2020-02-14 20:30:00,,,,,,,,,,,,,,,
2020-02-14 21:00:00,,,,,,,,,,,,,,,
2020-02-14 21:30:00,,,,,,,,,,,,,,,
2020-02-14 22:00:00,,,,,,,,,,,,,,,
2020-02-14 22:30:00,,,,,,,,,,,,,,,
2020-02-14 23:00:00,127.0,0.0,38.0,,,,,,,,,,,,
2020-02-14 23:30:00,54943.0,1462.0,4926.0,,,,,,,,,,1.0,0.0,0.0
2020-02-15 00:00:00,,,,,,,,,,,,,,,
2020-02-15 00:30:00,,,,,,,,,,,,,,,
2020-02-15 01:00:00,,,,,,,,,,,,,,,
2020-02-15 01:30:00,913.0,1.0,210.0,,,,,,,,,,,,
2020-02-15 02:00:00,,,,,,,,,,,,,,,
2020-02-15 02:30:00,,,,,,,,,,,,,,,
2020-02-15 03:00:00,326.0,1.0,124.0,,,,,,,,,,,,
2020-02-15 03:30:00,,,,,,,,,,,,,,,
2020-02-15 04:00:00,,,,,,,,,,,,,,,
2020-02-15 04:30:00,,,,,,,,,,,,,,,
2020-02-15 05:00:00,,,,,,,,,,,,,,,
2020-02-15 05:30:00,,,,,,,,,,,,,,,
2020-02-15 06:00:00,8.0,0.0,3.0,,,,,,,,,,,,
2020-02-15 06:30:00,403.0,2.0,86.0,,,,,,,,,,,,
2020-02-15 07:00:00,,,,,,,,,,,,,,,
2020-02-15 07:30:00,,,,,,,,,,,,,,,
2020-02-15 08:00:00,,,,,,,,,,,,,,,
2020-02-15 08:30:00,558.0,1.0,165.0,,,,,,,,,,,,
2020-02-15 09:00:00,,,,,,,,,,,,,,,
2020-02-15 09:30:00,564.0,6.0,139.0,,,,,,,,,,,,
2020-02-15 10:00:00,,,,,,,,,,,,,,,
2020-02-15 10:30:00,,,,,,,,,,,,,,,
2020-02-15 11:00:00,1856.0,6.0,623.0,,,,,,,,,,,,
2020-02-15 11:30:00,425.0,11.0,68.0,,,,,,,,,,,,
2020-02-15 12:00:00,3176.0,22.0,933.0,,,,,,,,,,,,
2020-02-15 12:30:00,,,,,,,,,,,,,,,
2020-02-15 13:00:00,1577.0,5.0,597.0,,,,,,,,,,,,
2020-02-15 13:30:00,122.0,3.0,37.0,,,,,,,,,,,,
2020-02-15 14:00:00,1362.0,2.0,417.0,,,,,,,,,,,,
2020-02-15 14:30:00,143.0,1.0,41.0,,,,,,,,,,,,
2020-02-15 15:00:00,,,,,,,,,,,,,,,
2020-02-15 15:30:00,,,,,,,,,,,,,,,
2020-02-15 16:00:00,,,,,,,,,,,,,,,
2020-02-15 16:30:00,,,,,,,,,,,,,,,
2020-02-15 17:00:00,,,,,,,,,,,,,,,
2020-02-15 17:30:00,43.0,1.0,12.0,,,,,,,,,,,,
2020-02-15 18:00:00,,,,,,,,,,,,,,,
2020-02-15 18:30:00,,,,,,,,,,,,,,,
2020-02-15 19:00:00,,,,,,,,,,,,,,,
2020-02-15 19:30:00,,,,,,,,,,,,,,,
2020-02-15 20:00:00,,,,,,,,,,,,,,,
2020-02-15 20:30:00,,,,12.0,1.0,4.0,,,,,,,,,
2020-02-15 21:00:00,,,,,,,,,,,,,,,
2020-02-15 21:30:00,,,,,,,,,,,,,,,
2020-02-15 22:00:00,,,,,,,,,,,,,,,
2020-02-15 22:30:00,,,,,,,,,,,,,,,
2020-02-15 23:00:00,28460.5,800.5,2926.5,,,,,,,,,,,,
2020-02-15 23:30:00,47.0,0.0,12.5,,,,,,,,,,,,
2020-02-16 00:00:00,,,,,,,,,,,,,,,
2020-02-16 00:30:00,,,,,,,,,,,,,,,
2020-02-16 01:00:00,,,,,,,,,,,,,,,
2020-02-16 01:30:00,29.0,0.0,9.0,,,,,,,,,,,,
2020-02-16 02:00:00,,,,,,,,,,,,,,,
2020-02-16 02:30:00,328.0,1.0,140.0,,,,,,,,,,,,
2020-02-16 03:00:00,,,,,,,,,,,,,,,
2020-02-16 03:30:00,,,,,,,,,,,,,,,
2020-02-16 04:00:00,,,,,,,,,,,,,,,
2020-02-16 04:30:00,,,,,,,,,,,,,,,
2020-02-16 05:00:00,,,,,,,,,,,,,,,
2020-02-16 05:30:00,,,,,,,,,,,,,,,
2020-02-16 06:00:00,,,,,,,,,,,,,,,
2020-02-16 06:30:00,,,,,,,,,,,,,,,
2020-02-16 07:00:00,,,,,,,,,,,,,,,
2020-02-16 07:30:00,3.0,0.0,3.0,,,,,,,,,,,,
2020-02-16 08:00:00,,,,,,,,,,,,,,,
2020-02-16 08:30:00,1103.0,7.0,275.0,,,,,,,,,,,,
2020-02-16 09:00:00,144.0,1.0,46.0,,,,,,,,,,,,
2020-02-16 09:30:00,1006.0,0.5,359.0,,,,,,,,,,,,
2020-02-16 10:00:00,1875.0,9.0,509.0,,,,,,,,,,,,
2020-02-16 10:30:00,,,,,,,,,,,,,,,
2020-02-16 11:00:00,20.0,1.0,2.0,,,,,,,,,,,,
2020-02-16 11:30:00,,,,,,,,,,,,,,,
2020-02-16 12:00:00,1547.0,8.5,508.0,,,,,,,,,,,,
2020-02-16 12:30:00,,,,,,,,,,,,,,,
2020-02-16 13:00:00,1004.0,3.0,464.0,,,,,,,,,,,,
2020-02-16 13:30:00,2002.0,26.0,644.0,,,,,,,,,,,,
2020-02-16 14:00:00,,,,,,,,,,,,,,,
2020-02-16 14:30:00,,,,,,,,,,,,,,,
2020-02-16 15:00:00,,,,,,,,,,,,,,,
2020-02-16 15:30:00,,,,,,,,,,,,,,,
2020-02-16 16:00:00,75.0,0.0,18.0,9.0,0.0,8.0,,,,,,,,,
2020-02-16 16:30:00,,,,,,,,,,,,,,,
2020-02-16 17:00:00,,,,,,,,,,,,,,,
2020-02-16 17:30:00,59.0,1.0,12.0,,,,,,,,,,,,
2020-02-16 18:00:00,34.0,0.0,14.0,,,,,,,,,,,,
2020-02-16 18:30:00,,,,,,,,,,,,,,,
2020-02-16 19:00:00,,,,,,,,,,,,,,,
2020-02-16 19:30:00,,,,,,,,,,,,,,,
2020-02-16 20:00:00,,,,,,,,,,,,,,,
2020-02-16 20:30:00,9.0,0.0,4.0,,,,,,,,,,,,
2020-02-16 21:00:00,,,,,,,,,,,,,,,
2020-02-16 21:30:00,,,,,,,,,,,,,,,
2020-02-16 22:00:00,,,,,,,,,,,,,,,
2020-02-16 22:30:00,,,,,,,,,,,,,,,
2020-02-16 23:00:00,,,,,,,,,,,,,,,
2020-02-16 23:30:00,58862.0,1701.0,6896.0,,,,,,,,,,,,
2020-02-17 00:00:00,,,,,,,,,,,,,,,
2020-02-17 00:30:00,,,,,,,,,,,,,,,
2020-02-17 01:00:00,381.0,4.0,114.0,,,,,,,,,,,,
2020-02-17 01:30:00,502.5,1.0,143.5,,,,,,,,,,,,
2020-02-17 02:00:00,72.0,0.0,8.0,,,,,,,,,,,,
2020-02-17 02:30:00,,,,,,,,,,,,,,,
2020-02-17 03:00:00,,,,,,,,,,,,,,,
2020-02-17 03:30:00,,,,,,,,,,,,,,,
2020-02-17 04:00:00,,,,,,,,,,,,,,,
2020-02-17 04:30:00,,,,,,,,,,,,,,,
2020-02-17 05:00:00,,,,,,,,,,,,,,,
2020-02-17 05:30:00,,,,,,,,,,,,,,,
2020-02-17 06:00:00,,,,,,,,,,,,,,,
2020-02-17 06:30:00,,,,,,,,,,,,,,,
2020-02-17 07:00:00,,,,,,,,,,,,,,,
2020-02-17 07:30:00,35.0,0.0,15.0,,,,,,,,,,,,
2020-02-17 08:00:00,457.0,11.0,85.0,,,,5.0,0.0,0.0,2.0,0.0,2.0,,,
2020-02-17 08:30:00,,,,,,,,,,,,,,,
2020-02-17 09:00:00,973.0,6.0,280.0,,,,,,,,,,,,
2020-02-17 09:30:00,,,,,,,,,,,,,,,
2020-02-17 10:00:00,1325.0,2.0,448.0,,,,,,,,,,,,
2020-02-17 10:30:00,,,,,,,,,,,,,,,
2020-02-17 11:00:00,767.0,3.0,308.6666666666667,,,,,,,,,,,,
2020-02-17 11:30:00,1246.0,3.0,577.0,,,,,,,,,,,,
2020-02-17 12:00:00,,,,,,,,,,,,,,,
2020-02-17 12:30:00,1447.0,7.0,570.0,,,,,,,,,,,,
2020-02-17 13:00:00,398.0,3.0,139.0,,,,,,,,,,,,
2020-02-17 13:30:00,,,,,,,,,,,,,,,
2020-02-17 14:00:00,,,,,,,,,,,,,,,
2020-02-17 14:30:00,740.0,9.5,301.5,,,,,,,,,,,,
2020-02-17 15:00:00,,,,,,,,,,,,,,,
2020-02-17 15:30:00,22.0,1.0,2.0,,,,,,,,,,,,
2020-02-17 16:00:00,,,,,,,,,,,,,,,
2020-02-17 16:30:00,,,,,,,,,,,,,,,
2020-02-17 17:00:00,,,,,,,,,,,,,,,
2020-02-17 17:30:00,,,,,,,,,,,,,,,
2020-02-17 18:00:00,,,,,,,,,,,,,,,
2020-02-17 18:30:00,,,,,,,,,,,,,,,
2020-02-17 19:00:00,,,,,,,,,,,,,,,
2020-02-17 19:30:00,,,,,,,,,,,,,,,
2020-02-17 20:00:00,,,,,,,,,,,,,,,
2020-02-17 20:30:00,,,,,,,,,,,,,,,
2020-02-17 21:00:00,,,,,,,,,,,,,,,
2020-02-17 21:30:00,,,,,,,,,,,,,,,
2020-02-17 22:00:00,,,,,,,,,,,,,,,
2020-02-17 22:30:00,190.0,1.0,55.0,,,,,,,,,,,,
2020-02-17 23:00:00,60542.0,1794.0,8087.0,,,,,,,,,,,,
2020-02-17 23:30:00,181.5,0.5,85.5,,,,,,,,,,,,
2020-02-18 00:00:00,,,,,,,,,,,,,,,
2020-02-18 00:30:00,,,,,,,,,,,,,,,
2020-02-18 01:00:00,76.0,1.0,12.0,,,,,,,,,,,,
2020-02-18 01:30:00,933.0,1.0,310.0,,,,,,,,,,,,
2020-02-18 02:00:00,230.0,2.0,65.0,,,,,,,,,,,,
2020-02-18 02:30:00,,,,,,,,,,,,,,,
2020-02-18 03:00:00,,,,,,,,,,,,,,,
2020-02-18 03:30:00,31.0,0.0,12.0,,,,,,,,,,,,
2020-02-18 04:00:00,,,,,,,,,,,,,,,
2020-02-18 04:30:00,,,,,,,,,,,,,,,
2020-02-18 05:00:00,333.0,1.0,177.0,,,,,,,,,,,,
2020-02-18 05:30:00,,,,,,,,,,,,,,,
2020-02-18 06:00:00,,,,,,,,,,,,,,,
2020-02-18 06:30:00,,,,,,,,,,,,,,,
2020-02-18 07:00:00,,,,,,,,,,,,,,,
2020-02-18 07:30:00,107.0,1.0,51.0,,,,,,,,,,,,
2020-02-18 08:00:00,,,,,,,,,,,,,,,
2020-02-18 08:30:00,,,,,,,,,,,,,,,
2020-02-18 09:00:00,,,,,,,,,,,,,,,
2020-02-18 09:30:00,464.0,0.0,150.0,,,,,,,,,,,,
2020-02-18 10:00:00,70.0,0.0,42.0,,,,,,,,,,,,
2020-02-18 10:30:00,163.0,4.0,79.0,,,,,,,,,,,,
2020-02-18 11:00:00,464.0,11.0,111.0,,,,,,,,,,,,
2020-02-18 11:30:00,,,,,,,,,,,,,,,
2020-02-18 12:00:00,857.5,1.5,373.0,,,,,,,,,,,,
2020-02-18 12:30:00,750.0,3.0,285.5,,,,,,,,,,,,
2020-02-18 13:00:00,,,,,,,,,,,,,,,
2020-02-18 13:30:00,1197.0,6.333333333333333,522.3333333333334,,,,,,,,,,,,
2020-02-18 14:00:00,1497.0,19.0,611.0,,,,,,,,,,,,
2020-02-18 14:30:00,91.0,2.0,62.0,,,,,,,,,,,,
2020-02-18 15:00:00,,,,,,,,,,,,,,,
2020-02-18 15:30:00,,,,,,,,,,,,,,,
2020-02-18 16:00:00,22.0,0.0,13.0,,,,,,,,,,,,
2020-02-18 16:30:00,81.0,0.0,29.0,,,,,,,,,,,,
2020-02-18 17:00:00,74.0,1.0,13.0,16.0,0.0,12.0,,,,,,,,,
2020-02-18 17:30:00,,,,,,,,,,,,,,,
2020-02-18 18:00:00,,,,,,,,,,,,,,,
2020-02-18 18:30:00,,,,,,,,,,,,,,,
2020-02-18 19:00:00,,,,,,,,,,,,,,,
2020-02-18 19:30:00,,,,,,,,,,,,,,,
2020-02-18 20:00:00,,,,,,,,,,,,,,,
2020-02-18 20:30:00,,,,,,,,,,,,,,,
2020-02-18 21:00:00,,,,,,,,,,,,,,,
2020-02-18 21:30:00,,,,,,,,,,,,,,,
2020-02-18 22:00:00,,,,,,,,,,,,,,,
2020-02-18 22:30:00,,,,,,,,,,,,,,,
2020-02-18 23:00:00,31184.0,963.0,4721.5,,,,,,,,,,,,
2020-02-18 23:30:00,184.0,2.5,69.0,,,,,,,,,,,,
2020-02-19 00:00:00,,,,,,,,,,,,,,,
2020-02-19 00:30:00,,,,,,,,,,,,,,,
2020-02-19 01:00:00,1055.0,2.0,417.0,,,,,,,,,,,,
2020-02-19 01:30:00,71.0,0.0,42.0,,,,,,,,,,,,
2020-02-19 02:00:00,,,,,,,,,,,,,,,
2020-02-19 02:30:00,,,,,,,,,,,,,,,
2020-02-19 03:00:00,,,,,,,,,,,,,,,
2020-02-19 03:30:00,,,,,,,,,,,,,,,
2020-02-19 04:00:00,,,,,,,,,,,,,,,
2020-02-19 04:30:00,372.0,3.0,173.5,,,,,,,,,,,,
2020-02-19 05:00:00,,,,,,,,,,,,,,,
2020-02-19 05:30:00,,,,,,,,,,,,,,,
2020-02-19 06:00:00,90.0,1.0,37.0,,,,,,,,,,,,
2020-02-19 06:30:00,,,,,,,,,,,,,,,
2020-02-19 07:00:00,76.0,1.0,20.0,,,,,,,,,,,,
2020-02-19 07:30:00,23.0,1.0,2.0,,,,,,,,,,,,
2020-02-19 08:00:00,,,,,,,,,,,,,,,
2020-02-19 08:30:00,,,,,,,,,,,,,,,
2020-02-19 09:00:00,244.0,2.0,86.0,,,,,,,,,,,,
2020-02-19 09:30:00,22.0,0.0,15.0,,,,,,,,,,,,
2020-02-19 10:00:00,1573.0,5.0,708.0,,,,,,,,,,,,
2020-02-19 10:30:00,146.0,2.0,70.0,,,,,,,,,,,,
2020-02-19 11:00:00,545.0,12.0,130.0,,,,,,,,,,,,
2020-02-19 11:30:00,1237.5,2.0,638.5,,,,,,,,,,,,
2020-02-19 12:00:00,1250.0,12.0,563.5,,,,,,,,,,,,
2020-02-19 12:30:00,,,,,,,,,,,,,,,
2020-02-19 13:00:00,218.0,3.5,103.0,,,,,,,,,,,,
2020-02-19 13:30:00,605.0,5.0,253.0,,,,,,,,,,,,
2020-02-19 14:00:00,986.0,6.0,413.0,,,,,,,,,,,,
2020-02-19 14:30:00,,,,,,,,,,,,,,,
2020-02-19 15:00:00,,,,,,,,,,,,,,,
2020-02-19 15:30:00,,,,,,,,,,,,,,,
2020-02-19 16:00:00,,,,,,,,,,,,,,,
2020-02-19 16:30:00,,,,,,,,,,,,,,,
2020-02-19 17:00:00,,,,,,,,,,,,,,,
2020-02-19 17:30:00,,,,,,,,,,,,,,,
2020-02-19 18:00:00,,,,,,,,,,,,,,,
2020-02-19 18:30:00,,,,,,,,,,,,,,,
2020-02-19 19:00:00,,,,,,,,,,,,,,,
2020-02-19 19:30:00,,,,,,,,,,,,,,,
2020-02-19 20:00:00,,,,,,,,,,,,,,,
2020-02-19 20:30:00,84.0,1.0,18.0,,,,,,,,,,,,
2020-02-19 21:00:00,,,,,,,,,,,,,,,
2020-02-19 21:30:00,,,,,,,,,,,,,,,
2020-02-19 22:00:00,84.0,0.0,34.0,,,,,,,,,,,,
2020-02-19 22:30:00,,,,,,,,,,,,,,,
2020-02-19 23:00:00,62591.0,2034.0,10611.0,,,,,,,,,,,,
2020-02-19 23:30:00,157.66666666666666,2.3333333333333335,70.66666666666667,,,,,,,,,,,,
2020-02-20 00:00:00,,,,,,,,,,,,,,,
2020-02-20 00:30:00,,,,,,,,,,,,,,,
2020-02-20 01:00:00,,,,,,,,,,,,,,,
2020-02-20 01:30:00,395.0,4.0,153.0,,,,,,,,,,,,
2020-02-20 02:00:00,34.0,1.0,8.0,,,,,,,,,,,,
2020-02-20 02:30:00,,,,,,,,,,,,,,,
2020-02-20 03:00:00,,,,,,,,,,,,,,,
2020-02-20 03:30:00,,,,,,,,,,,,,,,
2020-02-20 04:00:00,,,,,,,,,,,,,,,
2020-02-20 04:30:00,,,,,,,,,,,,,,,
2020-02-20 05:00:00,1005.0,1.0,477.0,,,,,,,,,,,,
2020-02-20 05:30:00,,,,,,,,,,,,,,,
2020-02-20 06:00:00,227.5,1.5,129.0,,,,,,,,,,,,
2020-02-20 06:30:00,,,,,,,,,,,,,,,
2020-02-20 07:00:00,,,,,,,,,,,,,,,
2020-02-20 07:30:00,,,,,,,,,,,,,,,
2020-02-20 08:00:00,,,,,,,,,,,,,,,
2020-02-20 08:30:00,,,,,,,,,,,,,,,
2020-02-20 09:00:00,,,,,,,,,,,,,,,
2020-02-20 09:30:00,1491.0,16.0,626.0,,,,,,,,,,,,
2020-02-20 10:00:00,,,,,,,,,,,,,,,
2020-02-20 10:30:00,,,,,,,,,,,,,,,
2020-02-20 11:00:00,4370.0,19.0,2332.0,,,,,,,,,,,,
2020-02-20 11:30:00,,,,,,,,,,,,,,,
2020-02-20 12:00:00,293.0,1.0,126.0,,,,,,,,,,,,
2020-02-20 12:30:00,837.0,3.0,431.0,,,,,,,,,,,,
2020-02-20 13:00:00,,,,,,,,,,,,,,,
2020-02-20 13:30:00,670.5,10.0,329.5,,,,,,,,,,,,
2020-02-20 14:00:00,91.0,2.0,71.0,,,,,,,,,,,,
2020-02-20 14:30:00,,,,,,,,,,,,,,,
2020-02-20 15:00:00,,,,,,,,,,,,,,,
2020-02-20 15:30:00,94.0,1.0,18.0,,,,,,,,,,,,
2020-02-20 16:00:00,,,,,,,,,,,,,,,
2020-02-20 16:30:00,,,,,,,,,,,,,,,
2020-02-20 17:00:00,,,,,,,,,,,,,,,
2020-02-20 17:30:00,5.0,2.0,0.0,,,,,,,,,,,,
2020-02-20 18:00:00,,,,,,,,,,,,,,,
2020-02-20 18:30:00,,,,,,,,,,,,,,,
2020-02-20 19:00:00,,,,,,,,,,,,,,,
2020-02-20 19:30:00,,,,,,,,,,,,,,,
2020-02-20 20:00:00,,,,,,,,,,,,,,,
2020-02-20 20:30:00,,,,,,,,,,,,,,,
2020-02-20 21:00:00,,,,,,,,,,,,,,,
2020-02-20 21:30:00,,,,,,,,,,,,,,,
2020-02-20 22:00:00,,,,,,,,,,,,,,,
2020-02-20 22:30:00,,,,,,,,,,,,,,,
2020-02-20 23:00:00,941.0,10.0,460.0,,,,,,,,,,,,
2020-02-20 23:30:00,62442.0,2144.0,11788.0,,,,,,,,,,,,
2020-02-21 00:00:00,,,,,,,,,,,,,,,
2020-02-21 00:30:00,,,,,,,,,,,,,,,
2020-02-21 01:00:00,665.0,2.5,329.0,,,,,,,,,,,,
2020-02-21 01:30:00,121.0,1.0,61.0,,,,,,,,,,,,
2020-02-21 02:00:00,,,,,,,,,,,,,,,
2020-02-21 02:30:00,,,,,,,,,,,,,,,
2020-02-21 03:00:00,,,,,,,,,,,,,,,
2020-02-21 03:30:00,153.0,2.0,42.0,,,,,,,,,,,,
2020-02-21 04:00:00,,,,,,,,,,,,,,,
2020-02-21 04:30:00,18.0,0.0,18.0,,,,,,,,,,,,
2020-02-21 05:00:00,,,,,,,8.0,0.0,1.0,,,,,,
2020-02-21 05:30:00,334.0,2.0,211.0,,,,,,,5.0,0.0,1.0,,,
2020-02-21 06:00:00,130.5,1.0,79.0,,,,,,,,,,,,
2020-02-21 06:30:00,26.0,1.0,2.0,,,,,,,,,,,,
2020-02-21 07:00:00,,,,,,,,,,,,,,,
2020-02-21 07:30:00,,,,,,,,,,,,,,,
2020-02-21 08:00:00,75.0,0.0,17.0,,,,,,,,,,,,
2020-02-21 08:30:00,,,,,,,,,,,,,,,
2020-02-21 09:00:00,,,,,,,,,,,,,,,
2020-02-21 09:30:00,,,,,,,,,,,,,,,
2020-02-21 10:00:00,2266.0,10.5,1164.5,,,,,,,,,,,,
2020-02-21 10:30:00,,,,,,,,,,,,,,,
2020-02-21 11:00:00,,,,,,,,,,,,,,,
2020-02-21 11:30:00,1894.0,16.0,928.0,,,,,,,,,,,,
2020-02-21 12:00:00,,,,,,,,,,,,,,,
2020-02-21 12:30:00,1111.0,13.0,554.0,,,,,,,,,,,,
2020-02-21 13:00:00,62662.0,2144.0,11881.0,,,,,,,,,,,,
2020-02-21 13:30:00,1547.0,22.0,776.0,,,,,,,,,,,,
2020-02-21 14:00:00,,,,,,,,,,,,,,,
2020-02-21 14:30:00,,,,,,,,,,,,,,,
2020-02-21 15:00:00,1102.0,6.0,737.0,,,,,,,,,,,,
2020-02-21 15:30:00,,,,,,,,,,,,,,,
2020-02-21 16:00:00,,,,,,,,,,,,,,,
2020-02-21 16:30:00,,,,,,,,,,,,,,,
2020-02-21 17:00:00,,,,,,,,,,,,,,,
2020-02-21 17:30:00,,,,,,,,,,,,,,,
2020-02-21 18:00:00,,,,,,,,,,,,,,,
2020-02-21 18:30:00,53.0,4.0,17.0,,,,,,,,,,,,
2020-02-21 19:00:00,105.0,1.0,22.0,,,,,,,,,,,,
2020-02-21 19:30:00,,,,,,,,,,,,,,,
2020-02-21 20:00:00,,,,,,,,,,,,,,,
2020-02-21 20:30:00,,,,,,,,,,,,,,,
2020-02-21 21:00:00,,,,,,,,,,,,,,,
2020-02-21 21:30:00,,,,,,,,,,,,,,,
2020-02-21 22:00:00,,,,,,,,,,,,,,,
2020-02-21 22:30:00,,,,,,,,,,,,,,,
2020-02-21 23:00:00,572.0,6.0,316.0,16.0,0.0,14.0,11.0,0.0,0.0,,,,,,
2020-02-21 23:30:00,132.0,0.0,78.0,20.0,1.0,0.0,,,,,,,,,
2020-02-22 00:00:00,,,,,,,,,,,,,,,
2020-02-22 00:30:00,,,,,,,,,,,,,,,
2020-02-22 01:00:00,146.0,2.0,90.0,,,,,,,,,,,,
2020-02-22 01:30:00,,,,,,,,,,,,,,,
2020-02-22 02:00:00,520.0,5.0,244.0,,,,,,,,,,,,
2020-02-22 02:30:00,,,,,,,,,,,,,,,
2020-02-22 03:00:00,,,,,,,,,,,,,,,
2020-02-22 03:30:00,,,,,,,,,,,,,,,
2020-02-22 04:00:00,,,,,,,,,,,,,,,
2020-02-22 04:30:00,174.0,2.0,107.0,,,,,,,,,,,,
2020-02-22 05:00:00,,,,,,,,,,,,,,,
2020-02-22 05:30:00,249.0,2.0,104.0,,,,,,,,,,,,
2020-02-22 06:00:00,934.0,1.0,555.0,,,,,,,,,,,,
2020-02-22 06:30:00,335.0,3.0,227.0,,,,,,,,,,,,
2020-02-22 07:00:00,,,,,,,,,,,,,,,
2020-02-22 07:30:00,1620.0,6.0,998.0,,,,,,,,,,,,
2020-02-22 08:00:00,,,,,,,,,,,,,,,
2020-02-22 08:30:00,433.0,2.0,16.0,,,,,,,,,,,,
2020-02-22 09:00:00,,,,,,,,,,,,,,,
2020-02-22 09:30:00,581.5,4.5,277.5,,,,,,,,,,,,
2020-02-22 10:00:00,2380.0,14.0,1420.0,,,,,,,,,,,,
2020-02-22 10:30:00,,,,,,,,,,,,,,,
2020-02-22 11:00:00,1760.0,15.0,948.0,,,,,,,,,,,,
2020-02-22 11:30:00,,,,,,,,,,,,,,,
2020-02-22 12:00:00,,,,,,,,,,,,,,,
2020-02-22 12:30:00,535.0,10.0,320.0,,,,,,,,,,,,
2020-02-22 13:00:00,297.5,2.5,128.0,,,,,,,,,,,,
2020-02-22 13:30:00,,,,,,,,,,,,,,,
2020-02-22 14:00:00,781.5,10.0,496.0,,,,,,,,,,,,
2020-02-22 14:30:00,135.0,1.0,26.0,,,,,,,,,,,,
2020-02-22 15:00:00,,,,,,,,,,,,,,,
2020-02-22 15:30:00,,,,,,,,,,,,,,,
2020-02-22 16:00:00,,,,,,,,,,,,,,,
2020-02-22 16:30:00,,,,,,,,,,,,,,,
2020-02-22 17:00:00,,,,,,,,,,7.0,0.0,0.0,,,
2020-02-22 17:30:00,,,,,,,,,,,,,,,
2020-02-22 18:00:00,,,,,,,,,,,,,,,
2020-02-22 18:30:00,,,,,,,,,,,,,,,
2020-02-22 19:00:00,,,,,,,,,,,,,,,
2020-02-22 19:30:00,,,,,,,,,,,,,,,
2020-02-22 20:00:00,,,,,,,,,,,,,,,
2020-02-22 20:30:00,,,,,,,,,,,,,,,
2020-02-22 21:00:00,,,,,,,,,,,,,,,
2020-02-22 21:30:00,,,,,,,,,,,,,,,
2020-02-22 22:00:00,,,,,,,,,,,,,,,
2020-02-22 22:30:00,,,,,,,,,,,,,,,
2020-02-22 23:00:00,705.0,6.0,409.0,,,,,,,,,,,,
2020-02-22 23:30:00,32079.5,1173.0,7662.5,62.0,2.0,1.0,,,,,,,,,
2020-02-23 00:00:00,,,,,,,,,,,,,,,
2020-02-23 00:30:00,,,,,,,,,,,,,,,
2020-02-23 01:00:00,399.0,4.0,189.0,,,,,,,,,,,,
2020-02-23 01:30:00,,,,,,,,,,,,,,,
2020-02-23 02:00:00,,,,,,,,,,,,,,,
2020-02-23 02:30:00,,,,,,,,,,,,,,,
2020-02-23 03:00:00,335.0,3.0,249.0,,,,,,,,,,,,
2020-02-23 03:30:00,,,,,,,,,,,,,,,
2020-02-23 04:00:00,,,,,,,,,,,,,,,
2020-02-23 04:30:00,,,,,,,,,,,,,,,
2020-02-23 05:00:00,,,,,,,,,,,,,,,
2020-02-23 05:30:00,245.0,2.0,171.0,,,,,,,,,,,,
2020-02-23 06:00:00,,,,,,,,,,,,,,,
2020-02-23 06:30:00,,,,,,,,,,,,,,,
2020-02-23 07:00:00,,,,,,,,,,,,,,,
2020-02-23 07:30:00,,,,,,,,,,,,,,,
2020-02-23 08:00:00,,,,,,,,,,,,,,,
2020-02-23 08:30:00,2499.0,9.0,1434.0,,,,,,,,,,,,
2020-02-23 09:00:00,934.0,1.0,613.0,,,,,,,,,,,,
2020-02-23 09:30:00,88.5,1.5,20.0,,,,,,,,,,,,
2020-02-23 10:00:00,1271.0,19.0,868.0,,,,,,,,,,,,
2020-02-23 10:30:00,1273.5,6.5,813.5,,,,,,,,,,,,
2020-02-23 11:00:00,,,,,,,,,,,,,,,
2020-02-23 11:30:00,65149.0,2356.0,15883.0,,,,,,,,,,,,
2020-02-23 12:00:00,245.0,1.0,163.0,,,,,,,,,,,,
2020-02-23 12:30:00,372.0,6.0,237.0,,,,,,,,,,,,
2020-02-23 13:00:00,91.0,2.0,78.0,,,,,,,,,,,,
2020-02-23 13:30:00,903.0,7.0,527.5,,,,,,,,,,,,
2020-02-23 14:00:00,,,,,,,,,,,,,,,
2020-02-23 14:30:00,76.0,2.0,28.0,,,,,,,,,,,,
2020-02-23 15:00:00,83.5,4.0,36.0,,,,,,,,,,,,
2020-02-23 15:30:00,,,,,,,,,,,,,,,
2020-02-23 16:00:00,,,,,,,,,,,,,,,
2020-02-23 16:30:00,,,,,,,,,,,,,,,
2020-02-23 17:00:00,,,,,,,,,,,,,,,
2020-02-23 17:30:00,,,,,,,,,,,,,,,
2020-02-23 18:00:00,,,,,,,,,,,,,,,
2020-02-23 18:30:00,,,,,,,,,,,,,,,
2020-02-23 19:00:00,,,,,,,,,,,,,,,
2020-02-23 19:30:00,,,,,,,,,,,,,,,
2020-02-23 20:00:00,,,,,,,,,,,,,,,
2020-02-23 20:30:00,,,,,,,,,,,,,,,
2020-02-23 21:00:00,,,,,,,,,,,,,,,
2020-02-23 21:30:00,,,,,,,,,,,,,,,
2020-02-23 22:00:00,,,,,,,,,,,,,,,
2020-02-23 22:30:00,,,,,,,,,,,,,,,
2020-02-23 23:00:00,291.6666666666667,3.6666666666666665,176.33333333333334,,,,,,,,,,,,
2020-02-23 23:30:00,749.0,7.0,40.0,155.0,3.0,2.0,,,,,,,,,
2020-02-24 00:00:00,,,,,,,,,,,,,,,
2020-02-24 00:30:00,399.0,4.0,198.0,,,,,,,,,,,,
2020-02-24 01:00:00,934.0,1.0,645.0,,,,,,,,,,,,
2020-02-24 01:30:00,,,,,,,,,,,,,,,
2020-02-24 02:00:00,,,,,,,,,,,,,,,
2020-02-24 02:30:00,,,,,,,,,,,,,,,
2020-02-24 03:00:00,,,,,,,,,,,,,,,
2020-02-24 03:30:00,,,,,,,,,,,,,,,
2020-02-24 04:00:00,,,,,,,,,,,,,,,
2020-02-24 04:30:00,,,,,,,,,,,,,,,
2020-02-24 05:00:00,,,,,,,,,,,,,,,
2020-02-24 05:30:00,,,,,,,,,,,,,,,
2020-02-24 06:00:00,,,,,,,,,,,,,,,
2020-02-24 06:30:00,443.0,3.0,250.0,,,,,,,,,,,,
2020-02-24 07:00:00,335.0,3.0,261.0,,,,,,,,,,,,
2020-02-24 07:30:00,,,,,,,,,,,,,,,
2020-02-24 08:00:00,,,,,,,,,,,,,,,
2020-02-24 08:30:00,,,,13.0,0.0,8.0,,,,,,,,,
2020-02-24 09:00:00,,,,,,,,,,,,,,,
2020-02-24 09:30:00,2287.0,8.0,1505.0,,,,,,,,,,,,
2020-02-24 10:00:00,1211.5,6.5,658.5,,,,,,,,,,,,
2020-02-24 10:30:00,,,,,,,,,,,,,,,
2020-02-24 11:00:00,32630.0,1258.5,8392.5,,,,,,,,,,,,
2020-02-24 11:30:00,22.0,0.0,18.0,,,,,,,,,,,,
2020-02-24 12:00:00,,,,,,,,,,,,,,,
2020-02-24 12:30:00,,,,,,,,,,,,,,,
2020-02-24 13:00:00,1271.0,19.0,943.0,,,,,,,,,,,,
2020-02-24 13:30:00,,,,,,,,,,,,,,,
2020-02-24 14:00:00,1006.5,7.0,631.5,,,,,,,,,,,,
2020-02-24 14:30:00,1524.0,18.0,968.0,,,,3.0,0.0,2.0,,,,,,
2020-02-24 15:00:00,188.5,3.5,115.5,,,,,,,,,,,,
2020-02-24 15:30:00,,,,,,,,,,,,,,,
2020-02-24 16:00:00,,,,,,,,,,,,,,,
2020-02-24 16:30:00,,,,,,,,,,,,,,,
2020-02-24 17:00:00,,,,,,,,,,,,,,,
2020-02-24 17:30:00,,,,,,,,,,,,,,,
2020-02-24 18:00:00,,,,,,,,,,,,,,,
2020-02-24 18:30:00,,,,,,,,,,,,,,,
2020-02-24 19:00:00,,,,,,,,,,,,,,,
2020-02-24 19:30:00,,,,,,,,,,,,,,,
2020-02-24 20:00:00,,,,,,,,,,,,,,,
2020-02-24 20:30:00,,,,,,,,,,,,,,,
2020-02-24 21:00:00,,,,,,,,,,,,,,,
2020-02-24 21:30:00,,,,,,,,,,,,,,,
2020-02-24 22:00:00,,,,,,,,,,,,,,,
2020-02-24 22:30:00,,,,,,,,,,,,,,,
2020-02-24 23:00:00,441.5,4.0,283.5,,,,,,,,,,,,
2020-02-24 23:30:00,,,,229.0,7.0,1.0,36.0,0.0,0.0,,,,,,
2020-02-25 00:00:00,121.0,1.0,83.0,,,,,,,,,,,,
2020-02-25 00:30:00,631.0,0.0,458.0,,,,,,,,,,,,
2020-02-25 01:00:00,,,,,,,,,,,,,,,
2020-02-25 01:30:00,400.0,4.0,215.0,,,,,,,,,,,,
2020-02-25 02:00:00,,,,,,,7.0,0.0,0.0,,,,,,
2020-02-25 02:30:00,,,,,,,,,,,,,,,
2020-02-25 03:00:00,,,,,,,,,,,,,,,
2020-02-25 03:30:00,71.0,0.0,61.0,,,,,,,,,,,,
2020-02-25 04:00:00,,,,,,,,,,,,,,,
2020-02-25 04:30:00,174.0,2.0,129.0,,,,,,,,,,,,
2020-02-25 05:00:00,,,,,,,,,,,,,,,
2020-02-25 05:30:00,,,,,,,,,,,,,,,
2020-02-25 06:00:00,,,,,,,,,,,,,,,
2020-02-25 06:30:00,678.0,5.0,492.5,,,,,,,,,,,,
2020-02-25 07:00:00,,,,,,,,,,,,,,,
2020-02-25 07:30:00,,,,,,,,,,,,,,,
2020-02-25 08:00:00,561.5,6.0,63.0,,,,,,,,,,,,
2020-02-25 08:30:00,1400.0,7.0,860.0,,,,,,,,,,,,
2020-02-25 09:00:00,1205.0,1.0,808.0,,,,,,,,,,,,
2020-02-25 09:30:00,84.0,2.0,19.0,,,,,,,,,,,,
2020-02-25 10:00:00,546.0,3.0,333.0,,,,,,,,,,,,
2020-02-25 10:30:00,,,,,,,,,,,,,,,
2020-02-25 11:00:00,,,,,,,,,,,,,,,
2020-02-25 11:30:00,,,,,,,,,,,,,,,
2020-02-25 12:00:00,,,,,,,,,,,,,,,
2020-02-25 12:30:00,1253.0,18.0,864.5,,,,,,,,,,,,
2020-02-25 13:00:00,,,,,,,,,,,,,,,
2020-02-25 13:30:00,,,,,,,,,,,,,,,
2020-02-25 14:00:00,,,,,,,,,,,,,,,
2020-02-25 14:30:00,265.0,17.0,22.0,,,,,,,,,,,,
2020-02-25 15:00:00,34114.0,1294.0,10650.5,,,,,,,,,,,,
2020-02-25 15:30:00,,,,,,,,,,,,,,,
2020-02-25 16:00:00,,,,,,,,,,,,,,,
2020-02-25 16:30:00,,,,,,,,,,,,,,,
2020-02-25 17:00:00,,,,,,,,,,,,,,,
2020-02-25 17:30:00,,,,,,,,,,,,,,,
2020-02-25 18:00:00,,,,,,,,,,,,,,,
2020-02-25 18:30:00,91.0,0.0,53.0,322.0,10.0,1.0,,,,,,,,,
2020-02-25 19:00:00,,,,,,,,,,,,,,,
2020-02-25 19:30:00,,,,,,,,,,,,,,,
2020-02-25 20:00:00,,,,,,,,,,,,,,,
2020-02-25 20:30:00,,,,,,,,,,,,,,,
2020-02-25 21:00:00,,,,14.0,1.0,11.0,,,,,,,,,
2020-02-25 21:30:00,,,,23.0,0.0,16.0,,,,,,,,,
2020-02-25 22:00:00,,,,,,,,,,,,,,,
2020-02-25 22:30:00,,,,,,,,,,,,,,,
2020-02-25 23:00:00,354.5,3.0,235.0,,,,,,,,,,,,
2020-02-25 23:30:00,75.0,0.0,35.0,,,,,,,,,,,,
2020-02-26 00:00:00,121.0,1.0,88.0,,,,,,,,,,,,
2020-02-26 00:30:00,400.0,4.0,235.0,,,,,,,,,,,,
2020-02-26 01:00:00,934.0,1.0,719.0,,,,,,,,,,,,
2020-02-26 01:30:00,,,,,,,,,,,,,,,
2020-02-26 02:00:00,,,,,,,,,,,,,,,
2020-02-26 02:30:00,,,,,,,,,,,,,,,
2020-02-26 03:00:00,,,,,,,,,,,,,,,
2020-02-26 03:30:00,71.0,0.0,65.0,,,,,,,,,,,,
2020-02-26 04:00:00,,,,,,,,,,,,,,,
2020-02-26 04:30:00,,,,,,,,,,,,,,,
2020-02-26 05:00:00,174.0,2.0,144.0,,,,,,,,,,,,
2020-02-26 05:30:00,,,,,,,,,,,,,,,
2020-02-26 06:00:00,,,,,,,,,,,,,,,
2020-02-26 06:30:00,,,,,,,,,,,,,,,
2020-02-26 07:00:00,40.0,0.0,22.0,,,,,,,,,,,,
2020-02-26 07:30:00,,,,,,,,,,,,,,,
2020-02-26 08:00:00,,,,,,,,,,,,,,,
2020-02-26 08:30:00,,,,,,,,,,,,,,,
2020-02-26 09:00:00,,,,,,,,,,,,,,,
2020-02-26 09:30:00,,,,,,,,,,,,,,,
2020-02-26 10:00:00,3167.0,13.0,2312.0,,,,,,,,,,,,
2020-02-26 10:30:00,4909.0,46.0,3479.0,,,,,,,,,,,,
2020-02-26 11:00:00,1261.0,12.0,22.0,,,,,,,,,,,,
2020-02-26 11:30:00,,,,,,,,,,,,,,,
2020-02-26 12:00:00,32.0,1.0,5.0,,,,,,,,,,,,
2020-02-26 12:30:00,1059.0,14.0,602.0,,,,,,,,,,,,
2020-02-26 13:00:00,,,,,,,,,,,,,,,
2020-02-26 13:30:00,,,,,,,,,,,,,,,
2020-02-26 14:00:00,33038.5,1311.5,10796.0,,,,,,,,,,,,
2020-02-26 14:30:00,,,,,,,,,,,,,,,
2020-02-26 15:00:00,75.0,0.0,38.0,,,,,,,,,,,,
2020-02-26 15:30:00,,,,,,,,,,,,,,,
2020-02-26 16:00:00,,,,,,,,,,,,,,,
2020-02-26 16:30:00,,,,,,,,,,,,,,,
2020-02-26 17:00:00,,,,,,,,,,,,,,,
2020-02-26 17:30:00,,,,,,,,,,,,,,,
2020-02-26 18:00:00,,,,,,,,,,,,,,,
2020-02-26 18:30:00,,,,,,,,,,,,,,,
2020-02-26 19:00:00,,,,2.0,0.0,1.0,,,,,,,,,
2020-02-26 19:30:00,93.0,0.0,62.0,,,,,,,,,,,,
2020-02-26 20:00:00,,,,18.0,2.0,11.0,42.0,0.0,0.0,,,,,,
2020-02-26 20:30:00,,,,13.0,0.0,2.0,,,,,,,,,
2020-02-26 21:00:00,33.0,0.0,0.0,,,,,,,,,,,,
2020-02-26 21:30:00,,,,,,,,,,,,,,,
2020-02-26 22:00:00,,,,,,,,,,,,,,,
2020-02-26 22:30:00,,,,,,,,,,,,,,,
2020-02-26 23:00:00,,,,,,,,,,,,,,,
2020-02-26 23:30:00,666.0,16.0,375.5,480.0,12.0,18.0,,,,,,,,,
2020-02-27 00:00:00,,,,,,,,,,,,,,,
2020-02-27 00:30:00,146.0,2.0,112.0,,,,,,,,,,,,
2020-02-27 01:00:00,,,,,,,,,,,,,,,
2020-02-27 01:30:00,934.0,1.0,754.0,,,,,,,,,,,,
2020-02-27 02:00:00,410.0,5.0,248.0,,,,,,,,,,,,
2020-02-27 02:30:00,,,,,,,,,,,,,,,
2020-02-27 03:00:00,,,,,,,,,,,,,,,
2020-02-27 03:30:00,,,,,,,7.0,0.0,3.0,8.0,0.0,0.0,,,
2020-02-27 04:00:00,337.0,3.0,276.0,,,,,,,,,,,,
2020-02-27 04:30:00,,,,,,,,,,,,,,,
2020-02-27 05:00:00,,,,,,,,,,,,,,,
2020-02-27 05:30:00,,,,,,,,,,,,,,,
2020-02-27 06:00:00,,,,,,,,,,,,,,,
2020-02-27 06:30:00,,,,,,,,,,,,,,,
2020-02-27 07:00:00,,,,,,,,,,,,,,,
2020-02-27 07:30:00,,,,,,,,,,,,,,,
2020-02-27 08:00:00,,,,,,,,,,,,,,,
2020-02-27 08:30:00,,,,,,,,,,,,,,,
2020-02-27 09:00:00,,,,,,,,,,,,,,,
2020-02-27 09:30:00,1439.0,9.0,914.0,,,,,,,,,,,,
2020-02-27 10:00:00,962.0,10.0,738.0,,,,,,,,,,,,
2020-02-27 10:30:00,,,,,,,,,,,,,,,
2020-02-27 11:00:00,,,,,,,,,,,,,,,
2020-02-27 11:30:00,,,,,,,,,,,,,,,
2020-02-27 12:00:00,33803.5,1340.0,11727.0,,,,,,,,,,,,
2020-02-27 12:30:00,3977.0,31.0,2914.0,,,,,,,,,,,,
2020-02-27 13:00:00,,,,30.0,0.0,10.0,,,,,,,,,
2020-02-27 13:30:00,,,,,,,,,,,,,,,
2020-02-27 14:00:00,1250.0,6.5,885.5,,,,,,,,,,,,
2020-02-27 14:30:00,,,,,,,,,,,,,,,
2020-02-27 15:00:00,647.5,10.0,543.0,,,,,,,,,,,,
2020-02-27 15:30:00,,,,,,,,,,,,,,,
2020-02-27 16:00:00,,,,,,,,,,,,,,,
2020-02-27 16:30:00,,,,,,,,,,,,,,,
2020-02-27 17:00:00,,,,,,,,,,,,,,,
2020-02-27 17:30:00,,,,,,,,,,,,,,,
2020-02-27 18:00:00,,,,,,,,,,,,,,,
2020-02-27 18:30:00,,,,,,,,,,,,,,,
2020-02-27 19:00:00,,,,,,,,,,,,,,,
2020-02-27 19:30:00,,,,,,,,,,,,,,,
2020-02-27 20:00:00,,,,,,,,,,,,,,,
2020-02-27 20:30:00,,,,7.0,0.0,0.0,,,,,,,,,
2020-02-27 21:00:00,,,,,,,,,,,,,,,
2020-02-27 21:30:00,,,,,,,,,,,,,,,
2020-02-27 22:00:00,,,,38.0,2.0,11.0,,,,,,,,,
2020-02-27 22:30:00,,,,,,,5.0,0.0,2.0,,,,,,
2020-02-27 23:00:00,422.5,4.5,305.0,350.5,8.5,30.5,,,,,,,,,
2020-02-27 23:30:00,289.0,4.0,65.0,,,,,,,,,,,,
2020-02-28 00:00:00,,,,48.0,0.0,16.0,,,,,,,,,
2020-02-28 00:30:00,65914.0,2682.0,26403.0,,,,,,,,,,,,
2020-02-28 01:00:00,935.0,1.0,790.0,,,,,,,,,,,,
2020-02-28 01:30:00,,,,,,,,,,,,,,,
2020-02-28 02:00:00,410.0,7.0,257.0,,,,,,,,,,,,
2020-02-28 02:30:00,91.0,2.0,82.0,,,,,,,,,,,,
2020-02-28 03:00:00,,,,,,,,,,,,,,,
2020-02-28 03:30:00,,,,,,,,,,,,,,,
2020-02-28 04:00:00,,,,,,,,,,,,,1.0,0.0,1.0
2020-02-28 04:30:00,903.5,11.0,691.5,,,,,,,,,,,,
2020-02-28 05:00:00,174.0,2.0,156.0,,,,,,,,,,,,
2020-02-28 05:30:00,,,,,,,,,,,,,,,
2020-02-28 06:00:00,,,,,,,,,,,,,,,
2020-02-28 06:30:00,,,,,,,,,,,,,,,
2020-02-28 07:00:00,54.5,0.5,25.5,,,,,,,,,,,,
2020-02-28 07:30:00,58.5,1.5,40.0,,,,,,,,,,,,
2020-02-28 08:00:00,,,,,,,,,,,,,,,
2020-02-28 08:30:00,5140.0,33.0,2154.0,,,,,,,,,,,,
2020-02-28 09:00:00,2065.5,18.0,1544.0,,,,,,,,,,,,
2020-02-28 09:30:00,,,,,,,,,,,,,,,
2020-02-28 10:00:00,1299.0,3.0,1005.0,,,,,,,,,,,,
2020-02-28 10:30:00,,,,,,,,,,,,,,,
2020-02-28 11:00:00,,,,,,,,,,,,,,,
2020-02-28 11:30:00,,,,,,,,,,,,,,,
2020-02-28 12:00:00,,,,,,,,,,,,,,,
2020-02-28 12:30:00,228.0,4.0,22.0,,,,,,,,,,,,
2020-02-28 13:00:00,,,,,,,,,,,,,,,
2020-02-28 13:30:00,,,,,,,,,,,,,,,
2020-02-28 14:00:00,,,,,,,,,,,,,,,
2020-02-28 14:30:00,,,,,,,,,,,,,,,
2020-02-28 15:00:00,,,,,,,,,,,,,,,
2020-02-28 15:30:00,388.0,34.0,73.0,32.0,0.0,2.0,,,,,,,,,
2020-02-28 16:00:00,,,,,,,,,,,,,,,
2020-02-28 16:30:00,,,,,,,,,,,,,,,
2020-02-28 17:00:00,,,,,,,,,,,,,,,
2020-02-28 17:30:00,,,,,,,,,,,,,,,
2020-02-28 18:00:00,,,,,,,,,,,,,,,
2020-02-28 18:30:00,,,,,,,,,,,,,,,
2020-02-28 19:00:00,,,,,,,,,,,,,,,
2020-02-28 19:30:00,,,,,,,,,,,,,,,
2020-02-28 20:00:00,,,,965.0,23.0,65.0,44.0,0.0,0.0,,,,,,
2020-02-28 20:30:00,,,,,,,,,,,,,,,
2020-02-28 21:00:00,,,,,,,,,,,,,,,
2020-02-28 21:30:00,,,,,,,,,,,,,,,
2020-02-28 22:00:00,,,,,,,,,,,,,,,
2020-02-28 22:30:00,,,,,,,,,,,,,,,
2020-02-28 23:00:00,709.0,6.0,534.0,,,,,,,,,,,,
2020-02-28 23:30:00,,,,,,,,,,,,,,,
2020-02-29 00:00:00,,,,,,,,,,,,,,,
2020-02-29 00:30:00,,,,,,,,,,,,,,,
2020-02-29 01:00:00,935.0,1.0,811.0,,,,,,,,,,,,
2020-02-29 01:30:00,,,,,,,3.0,0.0,1.0,,,,,,
2020-02-29 02:00:00,,,,,,,,,,19.0,0.0,7.0,,,
2020-02-29 02:30:00,,,,,,,,,,,,,,,
2020-02-29 03:00:00,,,,,,,,,,,,,,,
2020-02-29 03:30:00,411.0,8.0,271.0,,,,,,,,,,,,
2020-02-29 04:00:00,25.0,0.0,18.0,,,,,,,,,,,,
2020-02-29 04:30:00,,,,,,,,,,,,,,,
2020-02-29 05:00:00,1164.0,8.0,1025.0,3.0,0.0,1.0,,,,,,,,,
2020-02-29 05:30:00,73.0,0.0,69.0,,,,,,,,,,,,
2020-02-29 06:00:00,337.0,3.0,287.0,,,,,,,,,,,,
2020-02-29 06:30:00,,,,,,,,,,,,,,,
2020-02-29 07:00:00,335.0,0.5,266.0,,,,,,,,,,,,
2020-02-29 07:30:00,,,,,,,,,,,,,,,
2020-02-29 08:00:00,,,,,,,,,,,,,,,
2020-02-29 08:30:00,,,,,,,,,,,,,,,
2020-02-29 09:00:00,809.0,1.5,673.5,,,,,,,,,,,,
2020-02-29 09:30:00,,,,,,,,,,,,,,,
2020-02-29 10:00:00,,,,,,,,,,,,,,,
2020-02-29 10:30:00,,,,,,,,,,,,,,,
2020-02-29 11:00:00,,,,,,,,,,,,,,,
2020-02-29 11:30:00,,,,,,,,,,,,,,,
2020-02-29 12:00:00,33909.5,1375.5,14996.0,,,,,,,,,,,,
2020-02-29 12:30:00,667.5,10.5,601.5,,,,,,,,,,,,
2020-02-29 13:00:00,,,,,,,,,,,,,,,
2020-02-29 13:30:00,,,,,,,,,,,,,,,
2020-02-29 14:00:00,,,,,,,,,,,,,,,
2020-02-29 14:30:00,347.5,21.5,97.5,88.0,0.0,16.0,,,,,,,,,
2020-02-29 15:00:00,,,,,,,,,,,,,,,
2020-02-29 15:30:00,2049.5,15.0,1451.5,,,,,,,,,,,,
2020-02-29 16:00:00,,,,,,,,,,,,,,,
2020-02-29 16:30:00,,,,,,,,,,,,,,,
2020-02-29 17:00:00,,,,,,,,,,,,,,,
2020-02-29 17:30:00,,,,,,,,,,,,,,,
2020-02-29 18:00:00,3150.0,16.0,27.0,1169.0,29.0,54.0,,,,,,,,,
2020-02-29 18:30:00,,,,,,,,,,,,,,,
2020-02-29 19:00:00,,,,72.5,1.0,7.0,,,,,,,,,
2020-02-29 19:30:00,,,,,,,,,,,,,,,
2020-02-29 20:00:00,,,,,,,,,,,,,,,
2020-02-29 20:30:00,,,,,,,,,,,,,,,
2020-02-29 21:00:00,,,,,,,,,,,,,,,
2020-02-29 21:30:00,,,,,,,,,,,,,,,
2020-02-29 22:00:00,,,,,,,,,,,,,,,
2020-02-29 22:30:00,,,,,,,6.0,1.0,1.0,,,,,,
2020-02-29 23:00:00,709.0,6.0,552.0,15.0,0.0,0.0,18.0,0.0,5.0,,,,,,
2020-02-29 23:30:00,131.5,3.5,90.5,,,,,,,,,,,,
2020-03-01 00:00:00,,,,,,,,,,,,,,,
2020-03-01 00:30:00,,,,,,,,,,,,,,,
2020-03-01 01:00:00,935.0,1.0,831.0,,,,,,,,,,,,
2020-03-01 01:30:00,,,,,,,,,,,,,,,
2020-03-01 02:00:00,,,,,,,,,,,,,,,
2020-03-01 02:30:00,413.0,8.0,276.0,,,,,,,2.0,1.0,0.0,,,
2020-03-01 03:00:00,,,,,,,,,,,,,,,
2020-03-01 03:30:00,,,,,,,,,,,,,,,
2020-03-01 04:00:00,,,,,,,,,,,,,,,
2020-03-01 04:30:00,,,,,,,,,,,,,,,
2020-03-01 05:00:00,,,,,,,,,,,,,,,
2020-03-01 05:30:00,,,,,,,,,,,,,,,
2020-03-01 06:00:00,,,,,,,,,,,,,,,
2020-03-01 06:30:00,,,,,,,,,,,,,,,
2020-03-01 07:00:00,553.0,6.0,481.0,,,,,,,,,,,,
2020-03-01 07:30:00,40.0,1.0,9.0,,,,,,,,,,,,
2020-03-01 08:00:00,,,,,,,,,,,,,,,
2020-03-01 08:30:00,,,,,,,,,,,,,,,
2020-03-01 09:00:00,,,,,,,,,,,,,,,
2020-03-01 09:30:00,886.0,5.0,714.0,,,,,,,,,,,,
2020-03-01 10:00:00,35535.0,1390.0,17561.0,,,,,,,,,,,,
2020-03-01 10:30:00,,,,,,,,,,,,,,,
2020-03-01 11:00:00,,,,,,,,,,,,,,,
2020-03-01 11:30:00,888.0,11.0,575.0,,,,,,,,,,,,
2020-03-01 12:00:00,122.0,1.0,103.0,,,,,,,,,,,,
2020-03-01 12:30:00,82.5,1.5,64.5,,,,,,,,,,,,
2020-03-01 13:00:00,,,,,,,,,,,,,,,
2020-03-01 13:30:00,,,,,,,,,,,,,,,
2020-03-01 14:00:00,2939.0,35.0,2508.0,,,,,,,,,,,,
2020-03-01 14:30:00,187.0,4.0,120.0,,,,,,,,,,,,
2020-03-01 15:00:00,,,,,,,,,,,,,,,
2020-03-01 15:30:00,978.0,54.0,175.0,,,,,,,,,,,,
2020-03-01 16:00:00,,,,,,,,,,,,,,,
2020-03-01 16:30:00,,,,,,,,,,,,,,,
2020-03-01 17:00:00,,,,,,,,,,,,,,,
2020-03-01 17:30:00,,,,,,,,,,,,,,,
2020-03-01 18:00:00,,,,,,,,,,,,,,,
2020-03-01 18:30:00,,,,,,,,,,,,,,,
2020-03-01 19:00:00,,,,,,,,,,,,,,,
2020-03-01 19:30:00,,,,,,,,,,,,,,,
2020-03-01 20:00:00,,,,,,,,,,,,,,,
2020-03-01 20:30:00,,,,149.0,2.0,12.0,,,,,,,,,
2020-03-01 21:00:00,,,,,,,9.0,1.0,1.0,,,,,,
2020-03-01 21:30:00,,,,,,,,,,,,,,,
2020-03-01 22:00:00,,,,,,,,,,,,,,,
2020-03-01 22:30:00,,,,,,,,,,,,,,,
2020-03-01 23:00:00,407.5,3.0,319.0,1893.0,34.0,108.0,,,,,,,,,
2020-03-01 23:30:00,2019.5,11.5,31.0,84.0,0.0,2.0,14.0,0.0,2.0,6.0,0.0,4.0,2.0,0.0,1.0
2020-03-02 00:00:00,,,,,,,,,,,,,,,
2020-03-02 00:30:00,,,,,,,,,,9.0,0.0,4.0,3.0,0.0,0.0
2020-03-02 01:00:00,146.0,2.0,114.0,,,,,,,,,,,,
2020-03-02 01:30:00,1009.0,1.0,919.0,,,,,,,,,,,,
2020-03-02 02:00:00,291.0,6.5,216.5,,,,,,,,,,,,
2020-03-02 02:30:00,,,,,,,,,,,,,,,
2020-03-02 03:00:00,,,,,,,,,,,,,,,
2020-03-02 03:30:00,,,,,,,,,,,,,,,
2020-03-02 04:00:00,337.0,3.0,292.0,,,,,,,,,,,,
2020-03-02 04:30:00,,,,,,,,,,,,,,,
2020-03-02 05:00:00,,,,,,,,,,,,,,,
2020-03-02 05:30:00,,,,,,,,,,,,,,,
2020-03-02 06:00:00,217.0,3.0,199.0,,,,,,,,,,,,
2020-03-02 06:30:00,,,,,,,,,,,,,,,
2020-03-02 07:00:00,,,,,,,,,,,,,,,
2020-03-02 07:30:00,,,,,,,,,,,,,,,
2020-03-02 08:00:00,1044.0,8.0,688.0,,,,,,,,,,,,
2020-03-02 08:30:00,,,,,,,,,,,,,,,
2020-03-02 09:00:00,,,,,,,,,,,,,,,
2020-03-02 09:30:00,318.0,6.0,296.0,,,,,,,,,,,,
2020-03-02 10:00:00,75.0,0.0,54.0,,,,,,,,,,,,
2020-03-02 10:30:00,,,,,,,,,,,,,,,
2020-03-02 11:00:00,,,,,,,,,,,,,,,
2020-03-02 11:30:00,3496.0,27.0,3161.0,,,,,,,,,,,,
2020-03-02 12:00:00,,,,,,,,,,,,,,,
2020-03-02 12:30:00,1659.0,16.0,1346.0,,,,,,,,,,,,
2020-03-02 13:00:00,,,,,,,,,,,,,,,
2020-03-02 13:30:00,,,,,,,,,,,,,,,
2020-03-02 14:00:00,,,,,,,,,,,,,,,
2020-03-02 14:30:00,,,,120.0,0.0,2.0,,,,,,,,,
2020-03-02 15:00:00,70165.0,2822.0,36464.0,,,,,,,,,,,,
2020-03-02 15:30:00,76.0,3.0,66.0,,,,,,,,,,,,
2020-03-02 16:00:00,,,,,,,,,,,,,,,
2020-03-02 16:30:00,,,,,,,,,,,,,,,
2020-03-02 17:00:00,,,,,,,,,,,,,,,
2020-03-02 17:30:00,,,,,,,,,,,,,,,
2020-03-02 18:00:00,,,,,,,,,,,,,,,
2020-03-02 18:30:00,,,,,,,,,,,,,,,
2020-03-02 19:00:00,,,,,,,,,,,,,,,
2020-03-02 19:30:00,,,,,,,45.0,0.0,0.0,,,,,,
2020-03-02 20:00:00,5836.0,94.0,321.0,2036.0,52.0,149.0,14.0,5.0,1.0,,,,,,
2020-03-02 20:30:00,382.0,6.0,110.0,211.5,1.5,18.5,17.0,0.5,2.5,,,,,,
2020-03-02 21:00:00,,,,3.0,0.0,2.0,,,,,,,,,
2020-03-02 21:30:00,,,,,,,,,,,,,,,
2020-03-02 22:00:00,,,,,,,,,,,,,,,
2020-03-02 22:30:00,5.0,0.0,3.0,42.0,0.0,0.0,,,,,,,,,
2020-03-02 23:00:00,709.0,6.0,588.0,,,,,,,,,,,,
2020-03-02 23:30:00,100.0,2.0,36.0,,,,,,,,,,,,
2020-03-03 00:00:00,252.0,2.0,202.0,,,,,,,,,,,,
2020-03-03 00:30:00,,,,,,,,,,,,,,,
2020-03-03 01:00:00,,,,,,,,,,,,,,,
2020-03-03 01:30:00,,,,,,,,,,,,,,,
2020-03-03 02:00:00,1349.0,9.0,1158.0,,,,,,,,,,,,
2020-03-03 02:30:00,,,,,,,,,,,,,,,
2020-03-03 03:00:00,,,,,,,,,,,,,5.0,0.0,0.0
2020-03-03 03:30:00,512.0,5.0,463.0,,,,,,,,,,,,
2020-03-03 04:00:00,,,,,,,,,,,,,,,
2020-03-03 04:30:00,,,,,,,,,,,,,,,
2020-03-03 05:00:00,,,,,,,,,,,,,,,
2020-03-03 05:30:00,,,,,,,,,,,,,,,
2020-03-03 06:00:00,,,,,,,,,,,,,,,
2020-03-03 06:30:00,42.0,1.0,12.0,,,,,,,,,,,,
2020-03-03 07:00:00,,,,,,,,,,,,,,,
2020-03-03 07:30:00,417.0,4.5,289.5,,,,,,,,,,,,
2020-03-03 08:00:00,,,,,,,,,,,,,,,
2020-03-03 08:30:00,,,,,,,,,,,,,,,
2020-03-03 09:00:00,75.0,1.0,59.0,,,,,,,,,,,,
2020-03-03 09:30:00,3657.0,29.5,977.5,,,,,,,,,,,,
2020-03-03 10:00:00,1350.0,7.0,1101.0,,,,5.0,0.0,1.0,,,,,,
2020-03-03 10:30:00,,,,,,,,,,,,,,,
2020-03-03 11:00:00,631.0,0.0,562.0,,,,,,,,,,,,
2020-03-03 11:30:00,33726.5,1420.0,18184.5,,,,,,,,,,,,
2020-03-03 12:00:00,,,,,,,,,,,,,,,
2020-03-03 12:30:00,1259.0,1.0,1124.0,,,,,,,,,,,,
2020-03-03 13:00:00,1498.0,17.0,1272.0,,,,,,,,,,,,
2020-03-03 13:30:00,387.0,3.0,346.0,,,,,,,,,,,,
2020-03-03 14:00:00,2336.0,77.0,291.0,,,,,,,,,,,,
2020-03-03 14:30:00,1115.0,7.0,1042.0,32.0,0.0,0.0,,,,,,,,,
2020-03-03 15:00:00,122.0,0.0,80.0,161.5,2.5,10.5,,,,12.0,0.0,2.5,,,
2020-03-03 15:30:00,,,,,,,,,,,,,,,
2020-03-03 16:00:00,,,,,,,,,,,,,,,
2020-03-03 16:30:00,,,,56.0,0.0,2.0,,,,,,,,,
2020-03-03 17:00:00,,,,,,,,,,,,,,,
2020-03-03 17:30:00,,,,,,,,,,,,,,,
2020-03-03 18:00:00,,,,,,,,,,,,,,,
2020-03-03 18:30:00,,,,,,,,,,,,,,,
2020-03-03 19:00:00,,,,,,,,,,,,,,,
2020-03-03 19:30:00,,,,,,,,,,,,,,,
2020-03-03 20:00:00,293.0,6.0,43.0,2698.0,79.0,176.0,23.0,3.5,1.5,,,,,,
2020-03-03 20:30:00,,,,,,,,,,,,,,,
2020-03-03 21:00:00,,,,,,,,,,,,,,,
2020-03-03 21:30:00,,,,,,,,,,,,,,,
2020-03-03 22:00:00,,,,,,,,,,,,,,,
2020-03-03 22:30:00,,,,,,,,,,,,,,,
2020-03-03 23:00:00,709.0,6.0,614.0,,,,,,,,,,,,
2020-03-03 23:30:00,195.0,5.0,160.0,165.0,1.0,2.0,10.0,0.0,2.0,,,,2.0,0.0,0.0
2020-03-04 00:00:00,252.0,2.0,210.0,,,,,,,,,,,,
2020-03-04 00:30:00,1272.0,22.0,1234.0,4.0,0.0,1.0,,,,,,,,,
2020-03-04 01:00:00,,,,,,,,,,,,,,,
2020-03-04 01:30:00,1010.0,1.0,953.0,,,,,,,,,,,,
2020-03-04 02:00:00,,,,,,,,,,,,,,,
2020-03-04 02:30:00,,,,,,,,,,,,,,,
2020-03-04 03:00:00,,,,,,,,,,,,,,,
2020-03-04 03:30:00,,,,,,,,,,,,,,,
2020-03-04 04:00:00,338.0,3.0,298.0,,,,12.0,0.0,3.0,,,,,,
2020-03-04 04:30:00,,,,,,,,,,,,,,,
2020-03-04 05:00:00,,,,,,,,,,,,,,,
2020-03-04 05:30:00,,,,,,,,,,,,,,,
2020-03-04 06:00:00,,,,,,,,,,,,,,,
2020-03-04 06:30:00,,,,,,,,,,,,,,,
2020-03-04 07:00:00,,,,,,,,,,,,,,,
2020-03-04 07:30:00,,,,,,,,,,,,,,,
2020-03-04 08:00:00,,,,,,,,,,,,,,,
2020-03-04 08:30:00,,,,,,,,,,,,,,,
2020-03-04 09:00:00,,,,,,,,,,,,,,,
2020-03-04 09:30:00,,,,,,,,,,,,,,,
2020-03-04 10:00:00,4132.0,26.0,3748.0,,,,,,,,,,,,
2020-03-04 10:30:00,,,,,,,,,,,,,,,
2020-03-04 11:00:00,,,,,,,,,,,,,,,
2020-03-04 11:30:00,,,,,,,,,,,,,,,
2020-03-04 12:00:00,,,,,,,,,,,,,,,
2020-03-04 12:30:00,36478.5,1493.0,20625.5,96.0,0.0,1.0,,,,10.0,0.0,4.0,,,
2020-03-04 13:00:00,50.0,0.0,22.0,,,,,,,,,,,,
2020-03-04 13:30:00,,,,,,,,,,,,,,,
2020-03-04 14:00:00,,,,,,,,,,,,,,,
2020-03-04 14:30:00,,,,,,,,,,,,,,,
2020-03-04 15:00:00,,,,,,,,,,,,,,,
2020-03-04 15:30:00,1505.0,11.0,1358.0,,,,,,,,,,,,
2020-03-04 16:00:00,,,,,,,,,,,,,,,
2020-03-04 16:30:00,,,,,,,,,,,,,,,
2020-03-04 17:00:00,,,,,,,,,,,,,,,
2020-03-04 17:30:00,,,,,,,,,,,,,,,
2020-03-04 18:00:00,,,,,,,,,,,,,,,
2020-03-04 18:30:00,,,,,,,,,,,,,,,
2020-03-04 19:00:00,5952.0,41.0,84.0,3089.0,107.0,276.0,,,,,,,,,
2020-03-04 19:30:00,67.0,0.0,2.0,564.0,1.0,27.0,25.5,5.5,0.5,,,,12.0,0.0,0.0
2020-03-04 20:00:00,,,,,,,,,,,,,,,
2020-03-04 20:30:00,35.0,2.0,0.0,507.0,6.0,14.0,,,,22.0,1.0,4.0,4.0,0.0,0.0
2020-03-04 21:00:00,,,,,,,,,,5.0,0.0,2.0,,,
2020-03-04 21:30:00,,,,,,,,,,,,,,,
2020-03-04 22:00:00,,,,,,,,,,,,,,,
2020-03-04 22:30:00,,,,,,,,,,,,,,,
2020-03-04 23:00:00,1099.0,16.0,836.0,,,,,,,,,,,,
2020-03-04 23:30:00,,,,,,,,,,,,,,,
2020-03-05 00:00:00,586.0,15.0,422.0,,,,,,,,,,,,
2020-03-05 00:30:00,,,,,,,,,,,,,,,
2020-03-05 01:00:00,935.0,1.0,901.0,,,,,,,,,,,,
2020-03-05 01:30:00,1272.0,22.0,1239.0,,,,,,,,,,,,
2020-03-05 02:00:00,,,,,,,,,,,,,,,
2020-03-05 02:30:00,,,,,,,,,,,,,,,
2020-03-05 03:00:00,,,,,,,,,,,,,,,
2020-03-05 03:30:00,136.0,3.0,128.0,,,,,,,,,,,,
2020-03-05 04:00:00,,,,,,,,,,,,,,,
2020-03-05 04:30:00,990.0,6.0,970.0,,,,13.0,0.0,3.0,,,,,,
2020-03-05 05:00:00,,,,,,,,,,,,,,,
2020-03-05 05:30:00,,,,,,,,,,,,,,,
2020-03-05 06:00:00,291.6666666666667,4.666666666666667,262.0,,,,,,,,,,,,
2020-03-05 06:30:00,,,,,,,,,,,,,,,
2020-03-05 07:00:00,,,,,,,,,,,,,,,
2020-03-05 07:30:00,,,,,,,,,,,,,,,
2020-03-05 08:00:00,,,,,,,,,,,,,,,
2020-03-05 08:30:00,1018.0,4.0,938.0,,,,,,,,,,,,
2020-03-05 09:00:00,3719.5,21.0,611.0,,,,,,,,,,,,
2020-03-05 09:30:00,755.5,1.0,700.5,,,,,,,,,,,,
2020-03-05 10:00:00,252.0,2.0,214.0,,,,,,,,,,,,
2020-03-05 10:30:00,,,,,,,,,,,,,,,
2020-03-05 11:00:00,,,,,,,,,,,,,,,
2020-03-05 11:30:00,,,,,,,,,,,,,,,
2020-03-05 12:00:00,,,,,,,,,,,,,,,
2020-03-05 12:30:00,,,,,,,,,,,,,,,
2020-03-05 13:00:00,,,,,,,,,,,,,,,
2020-03-05 13:30:00,2039.0,56.5,431.5,121.0,1.0,4.0,,,,,,,3.0,0.0,1.0
2020-03-05 14:00:00,,,,113.0,0.0,0.0,,,,,,,,,
2020-03-05 14:30:00,69982.0,2919.0,42708.0,,,,,,,,,,,,
2020-03-05 15:00:00,102.0,2.0,87.0,377.0,6.0,12.0,,,,,,,,,
2020-03-05 15:30:00,,,,,,,,,,,,,,,
2020-03-05 16:00:00,,,,,,,,,,,,,,,
2020-03-05 16:30:00,,,,,,,,,,,,,,,
2020-03-05 17:00:00,,,,,,,,,,3.0,1.0,0.0,,,
2020-03-05 17:30:00,16.0,0.0,2.0,2420.5,76.0,217.5,34.0,0.0,2.0,13.0,0.0,8.0,,,
2020-03-05 18:00:00,,,,209.0,1.0,8.0,,,,,,,,,
2020-03-05 18:30:00,,,,,,,,,,10.0,0.0,7.0,,,
2020-03-05 19:00:00,,,,,,,,,,,,,,,
2020-03-05 19:30:00,,,,,,,,,,,,,,,
2020-03-05 20:00:00,,,,,,,18.0,1.0,0.0,,,,,,
2020-03-05 20:30:00,,,,,,,,,,,,,,,
2020-03-05 21:00:00,,,,,,,,,,,,,,,
2020-03-05 21:30:00,,,,,,,18.0,0.0,0.0,,,,,,
2020-03-05 22:00:00,,,,,,,51.0,10.0,1.0,,,,,,
2020-03-05 22:30:00,,,,,,,20.0,0.0,1.0,,,,,,
2020-03-05 23:00:00,576.0,6.0,512.0,,,,,,,,,,,,
2020-03-05 23:30:00,104.0,1.0,70.0,,,,,,,,,,,,
2020-03-06 00:00:00,,,,,,,,,,,,,,,
2020-03-06 00:30:00,252.0,2.0,217.0,,,,,,,,,,,,
2020-03-06 01:00:00,,,,,,,,,,,,,17.0,0.0,0.0
2020-03-06 01:30:00,,,,,,,,,,,,,,,
2020-03-06 02:00:00,,,,,,,,,,,,,,,
2020-03-06 02:30:00,,,,,,,,,,,,,,,
2020-03-06 03:00:00,1482.0,14.0,1454.0,,,,,,,,,,,,
2020-03-06 03:30:00,,,,,,,,,,,,,,,
2020-03-06 04:00:00,,,,,,,,,,7.0,0.0,2.0,,,
2020-03-06 04:30:00,,,,,,,21.0,0.0,3.0,26.0,1.0,4.0,,,
2020-03-06 05:00:00,,,,,,,,,,,,,,,
2020-03-06 05:30:00,76.0,3.0,71.0,,,,,,,,,,,,
2020-03-06 06:00:00,342.0,3.0,306.0,,,,,,,,,,,,
2020-03-06 06:30:00,,,,,,,,,,,,,,,
2020-03-06 07:00:00,5.0,1.0,1.0,,,,,,,,,,,,
2020-03-06 07:30:00,,,,,,,,,,,,,,,
2020-03-06 08:00:00,,,,,,,,,,,,,,,
2020-03-06 08:30:00,48.0,1.0,31.0,,,,,,,,,,,,
2020-03-06 09:00:00,,,,,,,,,,,,,,,
2020-03-06 09:30:00,,,,,,,,,,,,,,,
2020-03-06 10:00:00,2194.0,3.0,2067.0,,,,,,,,,,,,
2020-03-06 10:30:00,,,,,,,,,,,,,,,
2020-03-06 11:00:00,2352.0,16.0,2086.0,,,,,,,,,,,,
2020-03-06 11:30:00,,,,,,,,,,,,,,,
2020-03-06 12:00:00,4747.0,124.0,913.0,,,,,,,,,,,,
2020-03-06 12:30:00,1361.3333333333333,14.0,1196.6666666666667,109.0,0.0,1.0,,,,,,,,,
2020-03-06 13:00:00,100.5,1.5,40.5,144.5,0.5,0.5,,,,,,,15.0,0.0,1.0
2020-03-06 13:30:00,6593.0,42.0,135.0,,,,,,,,,,,,
2020-03-06 14:00:00,69008.0,2945.0,43338.0,,,,,,,,,,,,
2020-03-06 14:30:00,119.0,2.0,87.0,,,,,,,,,,,,
2020-03-06 15:00:00,,,,214.0,1.0,3.0,,,,,,,,,
2020-03-06 15:30:00,60.0,0.0,4.0,206.0,2.0,8.0,19.0,0.0,0.0,,,,,,
2020-03-06 16:00:00,,,,,,,,,,,,,,,
2020-03-06 16:30:00,,,,163.0,0.0,0.0,6.0,0.0,1.0,,,,,,
2020-03-06 17:00:00,,,,,,,,,,,,,,,
2020-03-06 17:30:00,,,,2653.0,98.5,270.0,,,,,,,,,
2020-03-06 18:00:00,,,,,,,,,,,,,,,
2020-03-06 18:30:00,,,,,,,,,,,,,,,
2020-03-06 19:00:00,,,,,,,16.0,0.0,0.0,,,,,,
2020-03-06 19:30:00,,,,,,,,,,,,,,,
2020-03-06 20:00:00,420.0,6.0,46.0,1053.0,14.0,14.0,,,,,,,,,
2020-03-06 20:30:00,21.0,0.0,2.0,,,,24.0,0.0,2.0,,,,,,
2020-03-06 21:00:00,,,,,,,,,,,,,,,
2020-03-06 21:30:00,,,,,,,,,,,,,,,
2020-03-06 22:00:00,,,,,,,,,,,,,,,
2020-03-06 22:30:00,,,,,,,,,,,,,,,
2020-03-06 23:00:00,107.0,2.0,46.0,,,,82.0,14.0,1.0,,,,,,
2020-03-06 23:30:00,,,,,,,,,,,,,,,
2020-03-07 00:00:00,,,,,,,,,,,,,,,
2020-03-07 00:30:00,146.0,2.0,115.0,,,,,,,,,,,,
2020-03-07 01:00:00,680.5,4.5,609.5,,,,,,,,,,,,
2020-03-07 01:30:00,,,,,,,13.5,0.0,1.0,,,,,,
2020-03-07 02:00:00,,,,23.0,1.0,0.0,8.0,0.0,0.0,39.0,1.0,11.0,,,
2020-03-07 02:30:00,,,,,,,,,,,,,,,
2020-03-07 03:00:00,,,,,,,,,,,,,,,
2020-03-07 03:30:00,208.5,2.0,190.0,,,,48.0,0.0,7.0,,,,,,
2020-03-07 04:00:00,,,,,,,,,,,,,,,
2020-03-07 04:30:00,,,,,,,,,,,,,,,
2020-03-07 05:00:00,,,,,,,,,,,,,,,
2020-03-07 05:30:00,,,,,,,,,,,,,,,
2020-03-07 06:00:00,,,,,,,,,,,,,,,
2020-03-07 06:30:00,,,,,,,,,,,,,,,
2020-03-07 07:00:00,,,,,,,,,,,,,,,
2020-03-07 07:30:00,,,,,,,,,,,,,,,
2020-03-07 08:00:00,,,,,,,,,,,,,,,
2020-03-07 08:30:00,,,,,,,,,,,,,,,
2020-03-07 09:00:00,2790.0,21.0,2589.0,,,,,,,,,,,,
2020-03-07 09:30:00,,,,,,,,,,,,,,,
2020-03-07 10:00:00,7250.0,48.0,225.0,9.0,0.0,3.0,,,,,,,,,
2020-03-07 10:30:00,1352.0,7.0,1237.0,,,,,,,,,,,,
2020-03-07 11:00:00,67666.0,2959.0,43500.0,,,,,,,,,,,,
2020-03-07 11:30:00,,,,,,,,,,,,,,,
2020-03-07 12:00:00,,,,,,,,,,,,,,,
2020-03-07 12:30:00,,,,,,,,,,,,,,,
2020-03-07 13:00:00,1911.0,16.0,1683.0,,,,,,,,,,,,
2020-03-07 13:30:00,,,,,,,,,,,,,,,
2020-03-07 14:00:00,,,,,,,,,,,,,,,
2020-03-07 14:30:00,1008.0,3.0,931.0,,,,,,,,,,,,
2020-03-07 15:00:00,120.0,2.0,87.0,,,,,,,,,,,,
2020-03-07 15:30:00,,,,,,,,,,,,,,,
2020-03-07 16:00:00,,,,,,,,,,,,,,,
2020-03-07 16:30:00,,,,,,,,,,,,,,,
2020-03-07 17:00:00,,,,,,,,,,,,,,,
2020-03-07 17:30:00,3257.5,75.5,923.0,2800.0,82.33333333333333,219.66666666666666,,,,,,,,,
2020-03-07 18:00:00,234.0,4.0,7.0,96.0,0.0,0.0,57.0,0.0,0.0,,,,,,
2020-03-07 18:30:00,,,,20.0,0.0,0.0,,,,,,,,,
2020-03-07 19:00:00,,,,,,,,,,,,,,,
2020-03-07 19:30:00,,,,,,,,,,,,,,,
2020-03-07 20:00:00,,,,,,,98.0,16.0,1.0,,,,,,
2020-03-07 20:30:00,,,,949.0,11.0,12.0,,,,,,,,,
2020-03-07 21:00:00,,,,,,,,,,,,,,,
2020-03-07 21:30:00,,,,,,,,,,,,,,,
2020-03-07 22:00:00,,,,,,,,,,,,,,,
2020-03-07 22:30:00,,,,,,,,,,,,,,,
2020-03-07 23:00:00,576.0,6.0,526.0,,,,,,,,,,,,
2020-03-07 23:30:00,,,,,,,27.5,0.0,0.5,,,,,,
2020-03-08 00:00:00,252.0,2.0,223.0,,,,,,,,,,,,
2020-03-08 00:30:00,,,,,,,,,,,,,,,
2020-03-08 01:00:00,287.0,5.0,212.5,,,,,,,,,,,,
2020-03-08 01:30:00,,,,,,,,,,,,,,,
2020-03-08 02:00:00,,,,,,,,,,,,,,,
2020-03-08 02:30:00,,,,,,,,,,,,,,,
2020-03-08 03:00:00,45.0,1.0,13.0,,,,,,,,,,,,
2020-03-08 03:30:00,,,,,,,,,,,,,,,
2020-03-08 04:00:00,,,,,,,12.0,0.0,0.0,,,,,,
2020-03-08 04:30:00,256.0,4.5,237.0,,,,,,,,,,,,
2020-03-08 05:00:00,1231.0,15.0,1205.0,,,,34.0,0.0,5.0,38.0,3.0,4.0,19.0,0.0,0.0
2020-03-08 05:30:00,76.0,3.0,73.0,,,,,,,15.0,0.0,8.0,,,
2020-03-08 06:00:00,,,,,,,,,,,,,,,
2020-03-08 06:30:00,935.0,1.0,919.0,,,,,,,,,,,,
2020-03-08 07:00:00,,,,,,,,,,,,,,,
2020-03-08 07:30:00,,,,,,,,,,,,,,,
2020-03-08 08:00:00,,,,,,,,,,,,,,,
2020-03-08 08:30:00,,,,,,,,,,,,,,,
2020-03-08 09:00:00,942.5,0.5,888.0,104.0,0.0,0.0,,,,,,,,,
2020-03-08 09:30:00,,,,,,,,,,,,,,,
2020-03-08 10:00:00,758.0,6.0,642.0,,,,,,,,,,,,
2020-03-08 10:30:00,,,,,,,,,,,,,,,
2020-03-08 11:00:00,6566.0,194.0,2134.0,,,,,,,,,,,,
2020-03-08 11:30:00,,,,,,,,,,,,,,,
2020-03-08 12:00:00,,,,,,,,,,,,,,,
2020-03-08 12:30:00,8871.0,57.0,1550.0,,,,,,,,,,,,
2020-03-08 13:00:00,,,,,,,,,,,,,,,
2020-03-08 13:30:00,150.0,0.0,78.0,265.0,3.0,0.0,,,,,,,,,
2020-03-08 14:00:00,,,,119.5,0.5,0.0,,,,,,,,,
2020-03-08 14:30:00,23541.333333333332,1006.0,15791.666666666666,35.0,0.0,1.0,,,,,,,,,
2020-03-08 15:00:00,,,,,,,,,,,,,,,
2020-03-08 15:30:00,,,,,,,1.0,1.0,0.0,,,,,,
2020-03-08 16:00:00,,,,,,,,,,,,,,,
2020-03-08 16:30:00,,,,,,,,,,,,,,,
2020-03-08 17:00:00,10.0,1.0,1.0,625.0,2.0,7.0,20.0,0.0,0.0,,,,,,
2020-03-08 17:30:00,,,,,,,,,,,,,,,
2020-03-08 18:00:00,32.0,0.0,1.0,8501.0,385.0,634.0,83.0,0.0,0.0,,,,,,
2020-03-08 18:30:00,,,,,,,,,,,,,,,
2020-03-08 19:00:00,,,,,,,,,,,,,49.0,1.0,1.0
2020-03-08 19:30:00,30.0,0.0,16.0,30.0,0.0,0.0,,,,,,,,,
2020-03-08 20:00:00,,,,,,,90.0,17.0,3.0,,,,4.0,0.0,1.0
2020-03-08 20:30:00,,,,673.0,17.0,30.0,,,,,,,,,
2020-03-08 21:00:00,99.0,6.0,2.0,1233.0,0.0,21.0,23.0,0.0,1.0,,,,,,
2020-03-08 21:30:00,,,,,,,29.5,0.5,1.5,,,,,,
2020-03-08 22:00:00,,,,273.0,3.0,18.0,12.0,1.0,0.0,,,,,,
2020-03-08 22:30:00,,,,,,,,,,,,,,,
2020-03-08 23:00:00,576.0,6.0,527.0,,,,,,,,,,,,
2020-03-08 23:30:00,,,,,,,,,,,,,,,
2020-03-09 00:00:00,252.0,2.0,230.0,,,,,,,,,,,,
2020-03-09 00:30:00,45.0,1.0,15.0,1209.0,19.0,12.0,,,,,,,,,
2020-03-09 01:00:00,146.0,2.0,123.0,,,,,,,,,,,,
2020-03-09 01:30:00,1244.3333333333333,7.0,1159.0,,,,,,,,,,,,
2020-03-09 02:00:00,,,,,,,,,,,,,,,
2020-03-09 02:30:00,,,,,,,,,,,,,,,
2020-03-09 03:00:00,,,,,,,,,,,,,,,
2020-03-09 03:30:00,,,,,,,,,,,,,,,
2020-03-09 04:00:00,342.0,3.0,315.0,,,,,,,,,,,,
2020-03-09 04:30:00,,,,,,,,,,,,,,,
2020-03-09 05:00:00,,,,,,,,,,,,,,,
2020-03-09 05:30:00,,,,,,,,,,,,,,,
2020-03-09 06:00:00,,,,,,,,,,,,,,,
2020-03-09 06:30:00,,,,,,,,,,,,,,,
2020-03-09 07:00:00,,,,,,,,,,,,,,,
2020-03-09 07:30:00,,,,,,,,,,,,,,,
2020-03-09 08:00:00,,,,,,,7.0,1.0,0.0,,,,,,
2020-03-09 08:30:00,1170.0,3.0,1087.0,,,,,,,,,,,,
2020-03-09 09:00:00,2684.0,23.666666666666668,66.0,30.0,0.0,1.0,15.0,0.0,0.0,,,,,,
2020-03-09 09:30:00,1332.0,1.0,1200.0,,,,,,,,,,,,
2020-03-09 10:00:00,552.0,6.0,451.5,58.0,0.0,0.0,25.0,0.0,0.0,,,,37.5,0.5,6.0
2020-03-09 10:30:00,7161.0,237.0,2394.0,239.0,0.0,1.0,,,,,,,,,
2020-03-09 11:00:00,,,,,,,,,,,,,,,
2020-03-09 11:30:00,133.0,0.0,127.0,374.0,2.0,3.0,,,,,,,,,
2020-03-09 12:00:00,,,,,,,,,,,,,,,
2020-03-09 12:30:00,,,,,,,,,,,,,,,
2020-03-09 13:00:00,,,,,,,,,,,,,,,
2020-03-09 13:30:00,,,,,,,,,,,,,,,
2020-03-09 14:00:00,,,,,,,,,,,,,,,
2020-03-09 14:30:00,68441.0,3024.0,47097.0,,,,,,,,,,,,
2020-03-09 15:00:00,,,,,,,,,,,,,,,
2020-03-09 15:30:00,,,,,,,,,,,,,,,
2020-03-09 16:00:00,,,,,,,,,,,,,,,
2020-03-09 16:30:00,,,,,,,,,,,,,,,
2020-03-09 17:00:00,,,,,,,115.0,0.0,0.0,,,,,,
2020-03-09 17:30:00,,,,,,,34.0,0.0,4.0,,,,,,
2020-03-09 18:00:00,,,,11832.0,496.0,775.0,,,,,,,,,
2020-03-09 18:30:00,,,,905.0,4.0,22.0,,,,33.5,2.0,5.5,,,
2020-03-09 19:00:00,,,,,,,,,,,,,,,
2020-03-09 19:30:00,,,,,,,,,,,,,,,
2020-03-09 20:00:00,,,,,,,,,,,,,,,
2020-03-09 20:30:00,,,,,,,,,,,,,,,
2020-03-09 21:00:00,,,,,,,,,,,,,,,
2020-03-09 21:30:00,,,,,,,,,,,,,,,
2020-03-09 22:00:00,,,,,,,,,,,,,,,
2020-03-09 22:30:00,,,,,,,32.0,1.0,4.0,,,,,,
2020-03-09 23:00:00,576.0,6.0,542.0,,,,,,,,,,,,
2020-03-09 23:30:00,60.0,6.0,9.0,,,,,,,,,,,,
2020-03-10 00:00:00,481.0,13.0,434.0,,,,,,,,,,,,
2020-03-10 00:30:00,252.0,2.0,234.0,,,,,,,,,,,,
2020-03-10 01:00:00,575.0,10.0,449.0,,,,,,,,,,,,
2020-03-10 01:30:00,935.0,1.0,927.0,,,,,,,,,,,,
2020-03-10 02:00:00,,,,,,,,,,,,,,,
2020-03-10 02:30:00,,,,,,,46.0,0.0,0.0,,,,,,
2020-03-10 03:00:00,,,,,,,,,,,,,,,
2020-03-10 03:30:00,,,,,,,,,,,,,,,
2020-03-10 04:00:00,125.0,1.0,111.0,,,,,,,,,,,,
2020-03-10 04:30:00,,,,,,,,,,,,,,,
2020-03-10 05:00:00,231.0,7.0,81.0,51.0,2.0,0.0,24.0,1.0,4.0,,,,66.0,1.0,1.0
2020-03-10 05:30:00,,,,,,,,,,,,,,,
2020-03-10 06:00:00,344.0,3.0,319.0,,,,,,,,,,,,
2020-03-10 06:30:00,,,,,,,,,,,,,,,
2020-03-10 07:00:00,,,,,,,,,,,,,,,
2020-03-10 07:30:00,758.0,6.0,719.0,,,,,,,,,,,,
2020-03-10 08:00:00,631.0,0.0,627.0,,,,,,,,,,,,
2020-03-10 08:30:00,535.5,2.5,511.5,,,,,,,,,,,,
2020-03-10 09:00:00,1353.0,8.0,1274.0,,,,,,,,,,,,
2020-03-10 09:30:00,,,,,,,,,,,,,,,
2020-03-10 10:00:00,833.0,7.0,616.0,40.0,0.0,1.0,,,,,,,,,
2020-03-10 10:30:00,628.0,1.0,596.0,89.0,0.0,0.0,,,,,,,,,
2020-03-10 11:00:00,74.0,0.0,12.0,,,,,,,,,,,,
2020-03-10 11:30:00,,,,267.0,0.0,1.0,,,,,,,,,
2020-03-10 12:00:00,,,,,,,,,,,,,,,
2020-03-10 12:30:00,85.0,0.0,6.0,69.0,0.0,1.0,,,,,,,,,
2020-03-10 13:00:00,,,,,,,15.0,2.0,0.0,,,,,,
2020-03-10 13:30:00,,,,382.0,4.0,0.0,,,,18.0,0.0,8.0,,,
2020-03-10 14:00:00,,,,,,,,,,55.0,2.0,4.0,3.0,1.0,0.0
2020-03-10 14:30:00,125.0,2.0,88.0,,,,,,,24.0,1.0,7.0,,,
2020-03-10 15:00:00,67760.0,3024.0,47743.0,,,,,,,,,,,,
2020-03-10 15:30:00,,,,,,,,,,,,,,,
2020-03-10 16:00:00,581.0,10.0,101.0,182.0,0.0,4.0,,,,,,,,,
2020-03-10 16:30:00,129.0,0.0,24.0,25.0,0.0,3.0,31.0,0.0,0.0,,,,,,
2020-03-10 17:00:00,,,,,,,209.0,0.0,4.0,,,,,,
2020-03-10 17:30:00,,,,5205.5,315.5,362.5,,,,,,,,,
2020-03-10 18:00:00,,,,,,,15.0,1.0,0.0,,,,,,
2020-03-10 18:30:00,110.0,0.0,22.0,3241.0,35.0,30.0,12.0,0.0,2.0,,,,,,
2020-03-10 19:00:00,15633.0,346.0,3011.0,10.0,0.0,3.0,144.0,2.0,2.0,,,,,,
2020-03-10 19:30:00,,,,,,,,,,,,,,,
2020-03-10 20:00:00,,,,22.0,0.0,0.0,,,,,,,,,
2020-03-10 20:30:00,,,,,,,,,,,,,,,
2020-03-10 21:00:00,,,,,,,,,,,,,,,
2020-03-10 21:30:00,,,,,,,,,,,,,,,
2020-03-10 22:00:00,,,,,,,359.0,23.0,2.0,,,,,,
2020-03-10 22:30:00,,,,,,,,,,,,,,,
2020-03-10 23:00:00,,,,,,,,,,,,,,,
2020-03-10 23:30:00,829.0,9.0,743.0,3323.0,44.0,55.0,,,,,,,,,
2020-03-11 00:00:00,,,,,,,,,,,,,,,
2020-03-11 00:30:00,,,,,,,,,,,,,,,
2020-03-11 01:00:00,,,,,,,,,,,,,,,
2020-03-11 01:30:00,,,,,,,,,,,,,,,
2020-03-11 02:00:00,2388.0,13.0,2253.0,,,,39.0,1.0,4.0,,,,,,
2020-03-11 02:30:00,146.0,2.0,133.0,,,,,,,,,,,,
2020-03-11 03:00:00,344.0,3.0,320.0,,,,,,,,,,,,
2020-03-11 03:30:00,75.0,1.0,71.0,,,,28.0,2.0,0.0,,,,,,
2020-03-11 04:00:00,,,,,,,,,,,,,,,
2020-03-11 04:30:00,,,,,,,,,,,,,,,
2020-03-11 05:00:00,,,,,,,,,,,,,,,
2020-03-11 05:30:00,,,,,,,,,,,,,,,
2020-03-11 06:00:00,,,,,,,,,,,,,,,
2020-03-11 06:30:00,,,,,,,,,,,,,,,
2020-03-11 07:00:00,,,,,,,,,,,,,,,
2020-03-11 07:30:00,,,,,,,,,,,,,,,
2020-03-11 08:00:00,1284.0,22.0,1252.0,,,,,,,,,,,,
2020-03-11 08:30:00,,,,,,,,,,,,,,,
2020-03-11 09:00:00,59.0,1.0,34.0,,,,,,,,,,,,
2020-03-11 09:30:00,1535.0,2.0,1499.0,,,,,,,,,,,,
2020-03-11 10:00:00,1356.0,8.0,1282.0,,,,,,,,,,,,
2020-03-11 10:30:00,67822.0,3047.0,49136.0,,,,,,,,,,13.0,0.0,0.0
2020-03-11 11:00:00,34.0,1.0,2.0,,,,,,,,,,,,
2020-03-11 11:30:00,852.0,12.0,713.5,,,,,,,,,,5.0,1.0,0.0
2020-03-11 12:00:00,,,,,,,,,,,,,,,
2020-03-11 12:30:00,,,,,,,,,,,,,,,
2020-03-11 13:00:00,,,,,,,,,,,,,,,
2020-03-11 13:30:00,99.5,0.0,48.5,112.5,0.5,1.5,,,,,,,,,
2020-03-11 14:00:00,,,,560.0,5.0,0.0,,,,,,,,,
2020-03-11 14:30:00,666.0,5.0,576.0,,,,,,,,,,,,
2020-03-11 15:00:00,,,,,,,,,,,,,,,
2020-03-11 15:30:00,,,,,,,,,,,,,,,
2020-03-11 16:00:00,,,,,,,,,,,,,,,
2020-03-11 16:30:00,,,,,,,,,,,,,,,
2020-03-11 17:00:00,,,,,,,,,,,,,,,
2020-03-11 17:30:00,,,,,,,,,,,,,,,
2020-03-11 18:00:00,,,,,,,,,,,,,,,
2020-03-11 18:30:00,9388.0,357.0,3024.0,334.0,3.0,4.0,87.0,1.0,4.0,124.0,3.0,21.0,,,
2020-03-11 19:00:00,,,,1908.0,3.0,25.0,,,,,,,,,
2020-03-11 19:30:00,,,,1098.0,1.0,2.0,,,,,,,,,
2020-03-11 20:00:00,,,,,,,,,,,,,,,
2020-03-11 20:30:00,112.0,0.0,33.0,2991.0,60.0,187.0,,,,,,,,,
2020-03-11 21:00:00,7883.0,60.0,294.0,45.0,0.0,6.0,8.0,0.0,4.0,,,,,,
2020-03-11 21:30:00,639.0,15.0,118.0,12961.0,836.0,1063.0,,,,,,,,,
2020-03-11 22:00:00,133.0,8.0,19.0,540.0,1.0,1.0,38.0,0.0,0.0,,,,60.0,1.0,27.0
2020-03-11 22:30:00,195.0,0.0,35.0,1263.5,24.0,8.0,370.0,14.5,2.0,,,,,,
2020-03-11 23:00:00,576.0,6.0,554.0,,,,,,,,,,,,
2020-03-11 23:30:00,,,,99.0,1.0,0.0,177.0,3.0,2.0,,,,,,
